Treatment,Gene,Rep,Sex,Age
28C/Std,bru-3,1,Female,18
28C/Std,bru-3,6,Female,18
28C/Std,bru-3,8,Female,51
28C/Std,bru-3,9,Female,21
28C/Std,bru-3,14,Female,23
28C/Std,bru-3,19,Female,14
28C/Std,bru-3,20,Female,21
28C/Std,bru-3,21,Female,24
28C/Std,bru-3,22,Female,25
28C/Std,bru-3,23,Female,21
28C/Std,bru-3,24,Female,35
28C/Std,bru-3,25,Female,14
28C/Std,bru-3,26,Female,24
28C/Std,bru-3,27,Female,14
28C/Std,bru-3,28,Female,14
28C/Std,bru-3,30,Female,35
28C/Std,bru-3,31,Female,37
28C/Std,bru-3,36,Female,7
28C/Std,bru-3,38,Female,39
28C/Std,bru-3,39,Female,21
28C/Std,bru-3,41,Female,21
28C/Std,bru-3,42,Female,39
28C/Std,bru-3,43,Female,49
28C/Std,bru-3,44,Female,49
28C/Std,bru-3,45,Female,25
28C/Std,bru-3,46,Female,23
28C/Std,bru-3,47,Female,42
28C/Std,bru-3,48,Female,37
28C/Std,bru-3,5,Female,56
28C/Std,bru-3,6,Female,63
28C/Std,bru-3,8,Female,56
28C/Std,bru-3,9,Female,21
28C/Std,bru-3,14,Female,36
28C/Std,bru-3,15,Female,63
28C/Std,bru-3,17,Female,30
28C/Std,bru-3,20,Female,39
28C/Std,bru-3,21,Female,44
28C/Std,bru-3,22,Female,35
28C/Std,bru-3,23,Female,39
28C/Std,bru-3,24,Female,39
28C/Std,bru-3,25,Female,31
28C/Std,bru-3,26,Female,36
28C/Std,bru-3,27,Female,42
28C/Std,bru-3,28,Female,28
28C/Std,bru-3,29,Female,39
28C/Std,bru-3,30,Female,39
28C/Std,bru-3,31,Female,42
28C/Std,bru-3,32,Female,49
28C/Std,bru-3,33,Female,56
28C/Std,bru-3,34,Female,46
28C/Std,bru-3,35,Female,45
28C/Std,bru-3,36,Female,42
28C/Std,bru-3,38,Female,47
28C/Std,bru-3,39,Female,44
28C/Std,bru-3,41,Female,51
28C/Std,bru-3,42,Female,43
28C/Std,bru-3,43,Female,53
28C/Std,bru-3,45,Female,49
28C/Std,bru-3,46,Female,49
28C/Std,bru-3,47,Female,47
28C/Std,bru-3,1,Female,50
28C/Std,bru-3,5,Female,63
28C/Std,bru-3,6,Female,63
28C/Std,bru-3,8,Female,56
28C/Std,bru-3,9,Female,60
28C/Std,bru-3,15,Female,65
28C/Std,bru-3,17,Female,44
28C/Std,bru-3,19,Female,28
28C/Std,bru-3,20,Female,49
28C/Std,bru-3,21,Female,49
28C/Std,bru-3,22,Female,56
28C/Std,bru-3,23,Female,42
28C/Std,bru-3,24,Female,58
28C/Std,bru-3,25,Female,51
28C/Std,bru-3,26,Female,49
28C/Std,bru-3,27,Female,44
28C/Std,bru-3,28,Female,53
28C/Std,bru-3,29,Female,46
28C/Std,bru-3,30,Female,46
28C/Std,bru-3,32,Female,53
28C/Std,bru-3,33,Female,70
28C/Std,bru-3,34,Female,46
28C/Std,bru-3,35,Female,46
28C/Std,bru-3,36,Female,46
28C/Std,bru-3,38,Female,51
28C/Std,bru-3,39,Female,26
28C/Std,bru-3,42,Female,59
28C/Std,bru-3,43,Female,53
28C/Std,bru-3,44,Female,50
28C/Std,bru-3,45,Female,56
28C/Std,bru-3,46,Female,49
28C/Std,bru-3,47,Female,53
28C/Std,bru-3,48,Female,58
28C/Std,bru-3,2,Male,16
28C/Std,bru-3,3,Male,56
28C/Std,bru-3,12,Male,32
28C/Std,bru-3,19,Male,51
28C/Std,bru-3,20,Male,56
28C/Std,bru-3,21,Male,32
28C/Std,bru-3,23,Male,46
28C/Std,bru-3,24,Male,7
28C/Std,bru-3,27,Male,39
28C/Std,bru-3,29,Male,23
28C/Std,bru-3,30,Male,56
28C/Std,bru-3,31,Male,33
28C/Std,bru-3,32,Male,56
28C/Std,bru-3,34,Male,53
28C/Std,bru-3,35,Male,35
28C/Std,bru-3,36,Male,46
28C/Std,bru-3,39,Male,35
28C/Std,bru-3,40,Male,56
28C/Std,bru-3,41,Male,3
28C/Std,bru-3,43,Male,32
28C/Std,bru-3,44,Male,49
28C/Std,bru-3,45,Male,23
28C/Std,bru-3,48,Male,37
28C/Std,bru-3,2,Male,37
28C/Std,bru-3,3,Male,60
28C/Std,bru-3,7,Male,56
28C/Std,bru-3,8,Male,46
28C/Std,bru-3,9,Male,53
28C/Std,bru-3,10,Male,30
28C/Std,bru-3,12,Male,46
28C/Std,bru-3,17,Male,35
28C/Std,bru-3,19,Male,56
28C/Std,bru-3,20,Male,56
28C/Std,bru-3,21,Male,49
28C/Std,bru-3,22,Male,49
28C/Std,bru-3,23,Male,56
28C/Std,bru-3,24,Male,54
28C/Std,bru-3,25,Male,28
28C/Std,bru-3,26,Male,42
28C/Std,bru-3,27,Male,56
28C/Std,bru-3,28,Male,44
28C/Std,bru-3,30,Male,56
28C/Std,bru-3,32,Male,56
28C/Std,bru-3,34,Male,56
28C/Std,bru-3,36,Male,56
28C/Std,bru-3,38,Male,63
28C/Std,bru-3,39,Male,56
28C/Std,bru-3,40,Male,56
28C/Std,bru-3,42,Male,53
28C/Std,bru-3,43,Male,56
28C/Std,bru-3,45,Male,28
28C/Std,bru-3,46,Male,56
28C/Std,bru-3,47,Male,51
28C/Std,bru-3,3,Male,60
28C/Std,bru-3,7,Male,63
28C/Std,bru-3,8,Male,56
28C/Std,bru-3,9,Male,56
28C/Std,bru-3,10,Male,58
28C/Std,bru-3,12,Male,56
28C/Std,bru-3,17,Male,56
28C/Std,bru-3,19,Male,56
28C/Std,bru-3,21,Male,56
28C/Std,bru-3,22,Male,49
28C/Std,bru-3,23,Male,60
28C/Std,bru-3,24,Male,56
28C/Std,bru-3,25,Male,56
28C/Std,bru-3,26,Male,58
28C/Std,bru-3,27,Male,56
28C/Std,bru-3,28,Male,56
28C/Std,bru-3,29,Male,53
28C/Std,bru-3,30,Male,56
28C/Std,bru-3,31,Male,56
28C/Std,bru-3,32,Male,56
28C/Std,bru-3,34,Male,63
28C/Std,bru-3,35,Male,67
28C/Std,bru-3,36,Male,57
28C/Std,bru-3,38,Male,63
28C/Std,bru-3,39,Male,63
28C/Std,bru-3,40,Male,56
28C/Std,bru-3,41,Male,56
28C/Std,bru-3,42,Male,53
28C/Std,bru-3,43,Male,63
28C/Std,bru-3,44,Male,53
28C/Std,bru-3,45,Male,49
28C/Std,bru-3,46,Male,58
28C/Std,bru-3,47,Male,53
28C/Std,bru-3,48,Male,58
28C/Std,CG11828,1,Female,21
28C/Std,CG11828,2,Female,7
28C/Std,CG11828,8,Female,14
28C/Std,CG11828,10,Female,7
28C/Std,CG11828,11,Female,16
28C/Std,CG11828,20,Female,31
28C/Std,CG11828,21,Female,32
28C/Std,CG11828,22,Female,9
28C/Std,CG11828,23,Female,7
28C/Std,CG11828,24,Female,21
28C/Std,CG11828,25,Female,14
28C/Std,CG11828,26,Female,53
28C/Std,CG11828,28,Female,4
28C/Std,CG11828,30,Female,42
28C/Std,CG11828,31,Female,44
28C/Std,CG11828,32,Female,53
28C/Std,CG11828,33,Female,37
28C/Std,CG11828,34,Female,28
28C/Std,CG11828,35,Female,15
28C/Std,CG11828,36,Female,32
28C/Std,CG11828,37,Female,30
28C/Std,CG11828,38,Female,28
28C/Std,CG11828,39,Female,53
28C/Std,CG11828,40,Female,49
28C/Std,CG11828,41,Female,21
28C/Std,CG11828,42,Female,28
28C/Std,CG11828,44,Female,49
28C/Std,CG11828,45,Female,28
28C/Std,CG11828,46,Female,39
28C/Std,CG11828,47,Female,10
28C/Std,CG11828,48,Female,56
28C/Std,CG11828,1,Female,56
28C/Std,CG11828,3,Female,42
28C/Std,CG11828,4,Female,56
28C/Std,CG11828,5,Female,49
28C/Std,CG11828,8,Female,56
28C/Std,CG11828,9,Female,59
28C/Std,CG11828,15,Female,30
28C/Std,CG11828,18,Female,56
28C/Std,CG11828,19,Female,44
28C/Std,CG11828,20,Female,35
28C/Std,CG11828,21,Female,35
28C/Std,CG11828,22,Female,53
28C/Std,CG11828,23,Female,18
28C/Std,CG11828,25,Female,44
28C/Std,CG11828,26,Female,53
28C/Std,CG11828,28,Female,38
28C/Std,CG11828,29,Female,44
28C/Std,CG11828,30,Female,49
28C/Std,CG11828,31,Female,45
28C/Std,CG11828,32,Female,53
28C/Std,CG11828,33,Female,49
28C/Std,CG11828,36,Female,49
28C/Std,CG11828,37,Female,56
28C/Std,CG11828,38,Female,40
28C/Std,CG11828,41,Female,53
28C/Std,CG11828,42,Female,56
28C/Std,CG11828,43,Female,58
28C/Std,CG11828,44,Female,56
28C/Std,CG11828,46,Female,53
28C/Std,CG11828,47,Female,56
28C/Std,CG11828,48,Female,58
28C/Std,CG11828,1,Female,63
28C/Std,CG11828,2,Female,63
28C/Std,CG11828,3,Female,63
28C/Std,CG11828,4,Female,60
28C/Std,CG11828,5,Female,63
28C/Std,CG11828,8,Female,60
28C/Std,CG11828,9,Female,60
28C/Std,CG11828,10,Female,63
28C/Std,CG11828,11,Female,28
28C/Std,CG11828,15,Female,58
28C/Std,CG11828,18,Female,56
28C/Std,CG11828,19,Female,53
28C/Std,CG11828,20,Female,49
28C/Std,CG11828,21,Female,42
28C/Std,CG11828,22,Female,53
28C/Std,CG11828,23,Female,53
28C/Std,CG11828,24,Female,56
28C/Std,CG11828,25,Female,44
28C/Std,CG11828,26,Female,56
28C/Std,CG11828,28,Female,51
28C/Std,CG11828,29,Female,56
28C/Std,CG11828,30,Female,53
28C/Std,CG11828,31,Female,51
28C/Std,CG11828,33,Female,51
28C/Std,CG11828,34,Female,44
28C/Std,CG11828,35,Female,58
28C/Std,CG11828,36,Female,56
28C/Std,CG11828,38,Female,60
28C/Std,CG11828,39,Female,58
28C/Std,CG11828,40,Female,60
28C/Std,CG11828,41,Female,60
28C/Std,CG11828,42,Female,63
28C/Std,CG11828,43,Female,63
28C/Std,CG11828,44,Female,60
28C/Std,CG11828,45,Female,56
28C/Std,CG11828,46,Female,56
28C/Std,CG11828,47,Female,58
28C/Std,CG11828,48,Female,60
28C/Std,CG11828,3,Male,7
28C/Std,CG11828,5,Male,11
28C/Std,CG11828,7,Male,7
28C/Std,CG11828,9,Male,35
28C/Std,CG11828,17,Male,9
28C/Std,CG11828,18,Male,42
28C/Std,CG11828,19,Male,49
28C/Std,CG11828,20,Male,32
28C/Std,CG11828,23,Male,49
28C/Std,CG11828,24,Male,51
28C/Std,CG11828,25,Male,44
28C/Std,CG11828,26,Male,21
28C/Std,CG11828,27,Male,9
28C/Std,CG11828,28,Male,4
28C/Std,CG11828,29,Male,46
28C/Std,CG11828,32,Male,14
28C/Std,CG11828,33,Male,42
28C/Std,CG11828,34,Male,36
28C/Std,CG11828,35,Male,56
28C/Std,CG11828,36,Male,46
28C/Std,CG11828,37,Male,35
28C/Std,CG11828,38,Male,39
28C/Std,CG11828,39,Male,49
28C/Std,CG11828,40,Male,35
28C/Std,CG11828,41,Male,45
28C/Std,CG11828,42,Male,49
28C/Std,CG11828,44,Male,51
28C/Std,CG11828,45,Male,42
28C/Std,CG11828,46,Male,51
28C/Std,CG11828,47,Male,60
28C/Std,CG11828,48,Male,53
28C/Std,CG11828,2,Male,42
28C/Std,CG11828,3,Male,42
28C/Std,CG11828,4,Male,38
28C/Std,CG11828,7,Male,60
28C/Std,CG11828,9,Male,49
28C/Std,CG11828,13,Male,51
28C/Std,CG11828,16,Male,49
28C/Std,CG11828,18,Male,49
28C/Std,CG11828,19,Male,49
28C/Std,CG11828,20,Male,49
28C/Std,CG11828,21,Male,22
28C/Std,CG11828,22,Male,49
28C/Std,CG11828,23,Male,53
28C/Std,CG11828,24,Male,56
28C/Std,CG11828,25,Male,56
28C/Std,CG11828,27,Male,44
28C/Std,CG11828,28,Male,49
28C/Std,CG11828,29,Male,49
28C/Std,CG11828,30,Male,53
28C/Std,CG11828,31,Male,44
28C/Std,CG11828,33,Male,51
28C/Std,CG11828,34,Male,42
28C/Std,CG11828,35,Male,56
28C/Std,CG11828,36,Male,49
28C/Std,CG11828,37,Male,46
28C/Std,CG11828,38,Male,52
28C/Std,CG11828,39,Male,63
28C/Std,CG11828,40,Male,53
28C/Std,CG11828,41,Male,56
28C/Std,CG11828,42,Male,56
28C/Std,CG11828,44,Male,56
28C/Std,CG11828,45,Male,56
28C/Std,CG11828,47,Male,60
28C/Std,CG11828,2,Male,42
28C/Std,CG11828,3,Male,44
28C/Std,CG11828,4,Male,51
28C/Std,CG11828,5,Male,42
28C/Std,CG11828,9,Male,60
28C/Std,CG11828,13,Male,63
28C/Std,CG11828,16,Male,56
28C/Std,CG11828,17,Male,53
28C/Std,CG11828,18,Male,53
28C/Std,CG11828,19,Male,53
28C/Std,CG11828,21,Male,49
28C/Std,CG11828,22,Male,56
28C/Std,CG11828,23,Male,56
28C/Std,CG11828,24,Male,56
28C/Std,CG11828,25,Male,58
28C/Std,CG11828,26,Male,39
28C/Std,CG11828,27,Male,56
28C/Std,CG11828,28,Male,56
28C/Std,CG11828,29,Male,56
28C/Std,CG11828,30,Male,63
28C/Std,CG11828,31,Male,44
28C/Std,CG11828,32,Male,22
28C/Std,CG11828,33,Male,56
28C/Std,CG11828,35,Male,56
28C/Std,CG11828,36,Male,49
28C/Std,CG11828,37,Male,63
28C/Std,CG11828,38,Male,56
28C/Std,CG11828,39,Male,63
28C/Std,CG11828,40,Male,56
28C/Std,CG11828,41,Male,63
28C/Std,CG11828,42,Male,56
28C/Std,CG11828,44,Male,56
28C/Std,CG11828,45,Male,56
28C/Std,CG11828,46,Male,53
28C/Std,CG11828,47,Male,63
28C/Std,CG11828,48,Male,56
28C/Std,CG13921,1,Female,21
28C/Std,CG13921,3,Female,39
28C/Std,CG13921,7,Female,14
28C/Std,CG13921,8,Female,35
28C/Std,CG13921,9,Female,30
28C/Std,CG13921,10,Female,42
28C/Std,CG13921,11,Female,11
28C/Std,CG13921,12,Female,16
28C/Std,CG13921,13,Female,10
28C/Std,CG13921,14,Female,9
28C/Std,CG13921,15,Female,16
28C/Std,CG13921,17,Female,18
28C/Std,CG13921,18,Female,15
28C/Std,CG13921,19,Female,25
28C/Std,CG13921,20,Female,15
28C/Std,CG13921,21,Female,43
28C/Std,CG13921,22,Female,15
28C/Std,CG13921,23,Female,57
28C/Std,CG13921,24,Female,7
28C/Std,CG13921,26,Female,28
28C/Std,CG13921,27,Female,15
28C/Std,CG13921,28,Female,42
28C/Std,CG13921,30,Female,14
28C/Std,CG13921,31,Female,14
28C/Std,CG13921,32,Female,21
28C/Std,CG13921,33,Female,24
28C/Std,CG13921,34,Female,11
28C/Std,CG13921,35,Female,18
28C/Std,CG13921,37,Female,21
28C/Std,CG13921,38,Female,28
28C/Std,CG13921,39,Female,21
28C/Std,CG13921,41,Female,14
28C/Std,CG13921,42,Female,18
28C/Std,CG13921,43,Female,17
28C/Std,CG13921,44,Female,21
28C/Std,CG13921,46,Female,37
28C/Std,CG13921,47,Female,14
28C/Std,CG13921,48,Female,14
28C/Std,CG13921,1,Female,39
28C/Std,CG13921,6,Female,53
28C/Std,CG13921,7,Female,16
28C/Std,CG13921,13,Female,22
28C/Std,CG13921,15,Female,35
28C/Std,CG13921,16,Female,18
28C/Std,CG13921,17,Female,39
28C/Std,CG13921,18,Female,17
28C/Std,CG13921,19,Female,45
28C/Std,CG13921,20,Female,22
28C/Std,CG13921,21,Female,51
28C/Std,CG13921,23,Female,51
28C/Std,CG13921,24,Female,35
28C/Std,CG13921,25,Female,51
28C/Std,CG13921,26,Female,30
28C/Std,CG13921,27,Female,16
28C/Std,CG13921,28,Female,51
28C/Std,CG13921,29,Female,51
28C/Std,CG13921,30,Female,53
28C/Std,CG13921,31,Female,17
28C/Std,CG13921,32,Female,36
28C/Std,CG13921,33,Female,46
28C/Std,CG13921,34,Female,14
28C/Std,CG13921,35,Female,21
28C/Std,CG13921,36,Female,56
28C/Std,CG13921,37,Female,63
28C/Std,CG13921,39,Female,56
28C/Std,CG13921,40,Female,42
28C/Std,CG13921,41,Female,21
28C/Std,CG13921,42,Female,56
28C/Std,CG13921,43,Female,21
28C/Std,CG13921,44,Female,22
28C/Std,CG13921,46,Female,51
28C/Std,CG13921,47,Female,28
28C/Std,CG13921,48,Female,51
28C/Std,CG13921,1,Female,51
28C/Std,CG13921,3,Female,49
28C/Std,CG13921,6,Female,56
28C/Std,CG13921,7,Female,63
28C/Std,CG13921,8,Female,60
28C/Std,CG13921,9,Female,42
28C/Std,CG13921,10,Female,56
28C/Std,CG13921,11,Female,60
28C/Std,CG13921,12,Female,58
28C/Std,CG13921,14,Female,60
28C/Std,CG13921,15,Female,66
28C/Std,CG13921,16,Female,21
28C/Std,CG13921,17,Female,53
28C/Std,CG13921,18,Female,25
28C/Std,CG13921,20,Female,29
28C/Std,CG13921,21,Female,65
28C/Std,CG13921,22,Female,60
28C/Std,CG13921,23,Female,61
28C/Std,CG13921,24,Female,63
28C/Std,CG13921,25,Female,56
28C/Std,CG13921,26,Female,53
28C/Std,CG13921,27,Female,53
28C/Std,CG13921,28,Female,56
28C/Std,CG13921,29,Female,53
28C/Std,CG13921,30,Female,53
28C/Std,CG13921,31,Female,21
28C/Std,CG13921,32,Female,42
28C/Std,CG13921,34,Female,30
28C/Std,CG13921,35,Female,46
28C/Std,CG13921,36,Female,58
28C/Std,CG13921,37,Female,63
28C/Std,CG13921,38,Female,56
28C/Std,CG13921,39,Female,63
28C/Std,CG13921,40,Female,63
28C/Std,CG13921,42,Female,56
28C/Std,CG13921,43,Female,56
28C/Std,CG13921,44,Female,60
28C/Std,CG13921,46,Female,51
28C/Std,CG13921,47,Female,51
28C/Std,CG13921,48,Female,59
28C/Std,CG13921,1,Male,53
28C/Std,CG13921,2,Male,44
28C/Std,CG13921,4,Male,44
28C/Std,CG13921,5,Male,56
28C/Std,CG13921,7,Male,53
28C/Std,CG13921,8,Male,44
28C/Std,CG13921,9,Male,31
28C/Std,CG13921,10,Male,42
28C/Std,CG13921,15,Male,14
28C/Std,CG13921,19,Male,53
28C/Std,CG13921,20,Male,53
28C/Std,CG13921,21,Male,49
28C/Std,CG13921,23,Male,14
28C/Std,CG13921,25,Male,3
28C/Std,CG13921,26,Male,44
28C/Std,CG13921,27,Male,56
28C/Std,CG13921,28,Male,39
28C/Std,CG13921,29,Male,46
28C/Std,CG13921,30,Male,39
28C/Std,CG13921,31,Male,51
28C/Std,CG13921,32,Male,53
28C/Std,CG13921,33,Male,56
28C/Std,CG13921,34,Male,53
28C/Std,CG13921,35,Male,60
28C/Std,CG13921,36,Male,42
28C/Std,CG13921,37,Male,21
28C/Std,CG13921,38,Male,42
28C/Std,CG13921,39,Male,56
28C/Std,CG13921,40,Male,21
28C/Std,CG13921,42,Male,56
28C/Std,CG13921,43,Male,49
28C/Std,CG13921,44,Male,56
28C/Std,CG13921,45,Male,21
28C/Std,CG13921,47,Male,51
28C/Std,CG13921,48,Male,56
28C/Std,CG13921,1,Male,53
28C/Std,CG13921,2,Male,60
28C/Std,CG13921,3,Male,42
28C/Std,CG13921,4,Male,56
28C/Std,CG13921,5,Male,59
28C/Std,CG13921,6,Male,53
28C/Std,CG13921,7,Male,58
28C/Std,CG13921,8,Male,56
28C/Std,CG13921,12,Male,58
28C/Std,CG13921,13,Male,39
28C/Std,CG13921,14,Male,42
28C/Std,CG13921,17,Male,49
28C/Std,CG13921,19,Male,56
28C/Std,CG13921,20,Male,53
28C/Std,CG13921,21,Male,56
28C/Std,CG13921,22,Male,51
28C/Std,CG13921,23,Male,51
28C/Std,CG13921,24,Male,46
28C/Std,CG13921,25,Male,51
28C/Std,CG13921,26,Male,51
28C/Std,CG13921,27,Male,56
28C/Std,CG13921,28,Male,51
28C/Std,CG13921,29,Male,49
28C/Std,CG13921,30,Male,53
28C/Std,CG13921,31,Male,60
28C/Std,CG13921,32,Male,53
28C/Std,CG13921,33,Male,60
28C/Std,CG13921,36,Male,46
28C/Std,CG13921,37,Male,38
28C/Std,CG13921,38,Male,49
28C/Std,CG13921,39,Male,56
28C/Std,CG13921,40,Male,56
28C/Std,CG13921,41,Male,56
28C/Std,CG13921,42,Male,60
28C/Std,CG13921,44,Male,56
28C/Std,CG13921,45,Male,56
28C/Std,CG13921,46,Male,56
28C/Std,CG13921,48,Male,56
28C/Std,CG13921,1,Male,63
28C/Std,CG13921,2,Male,60
28C/Std,CG13921,3,Male,58
28C/Std,CG13921,4,Male,60
28C/Std,CG13921,5,Male,59
28C/Std,CG13921,6,Male,60
28C/Std,CG13921,7,Male,58
28C/Std,CG13921,8,Male,58
28C/Std,CG13921,9,Male,58
28C/Std,CG13921,10,Male,63
28C/Std,CG13921,12,Male,58
28C/Std,CG13921,13,Male,57
28C/Std,CG13921,14,Male,49
28C/Std,CG13921,15,Male,39
28C/Std,CG13921,17,Male,52
28C/Std,CG13921,19,Male,56
28C/Std,CG13921,20,Male,56
28C/Std,CG13921,21,Male,61
28C/Std,CG13921,22,Male,58
28C/Std,CG13921,23,Male,58
28C/Std,CG13921,24,Male,56
28C/Std,CG13921,25,Male,56
28C/Std,CG13921,26,Male,53
28C/Std,CG13921,27,Male,56
28C/Std,CG13921,28,Male,56
28C/Std,CG13921,29,Male,56
28C/Std,CG13921,30,Male,53
28C/Std,CG13921,31,Male,63
28C/Std,CG13921,32,Male,58
28C/Std,CG13921,33,Male,63
28C/Std,CG13921,34,Male,56
28C/Std,CG13921,35,Male,63
28C/Std,CG13921,36,Male,63
28C/Std,CG13921,37,Male,42
28C/Std,CG13921,38,Male,56
28C/Std,CG13921,40,Male,56
28C/Std,CG13921,41,Male,57
28C/Std,CG13921,42,Male,63
28C/Std,CG13921,43,Male,56
28C/Std,CG13921,44,Male,60
28C/Std,CG13921,45,Male,63
28C/Std,CG13921,46,Male,58
28C/Std,CG13921,47,Male,63
28C/Std,CG42750,1,Female,56
28C/Std,CG42750,4,Female,10
28C/Std,CG42750,5,Female,21
28C/Std,CG42750,6,Female,22
28C/Std,CG42750,7,Female,16
28C/Std,CG42750,9,Female,39
28C/Std,CG42750,11,Female,15
28C/Std,CG42750,12,Female,18
28C/Std,CG42750,13,Female,51
28C/Std,CG42750,14,Female,14
28C/Std,CG42750,15,Female,18
28C/Std,CG42750,16,Female,42
28C/Std,CG42750,18,Female,42
28C/Std,CG42750,19,Female,42
28C/Std,CG42750,21,Female,49
28C/Std,CG42750,22,Female,15
28C/Std,CG42750,23,Female,15
28C/Std,CG42750,24,Female,24
28C/Std,CG42750,25,Female,56
28C/Std,CG42750,27,Female,35
28C/Std,CG42750,28,Female,21
28C/Std,CG42750,30,Female,10
28C/Std,CG42750,31,Female,15
28C/Std,CG42750,32,Female,14
28C/Std,CG42750,33,Female,22
28C/Std,CG42750,34,Female,18
28C/Std,CG42750,35,Female,42
28C/Std,CG42750,36,Female,23
28C/Std,CG42750,37,Female,14
28C/Std,CG42750,38,Female,39
28C/Std,CG42750,39,Female,42
28C/Std,CG42750,40,Female,22
28C/Std,CG42750,41,Female,28
28C/Std,CG42750,42,Female,28
28C/Std,CG42750,43,Female,23
28C/Std,CG42750,44,Female,21
28C/Std,CG42750,45,Female,51
28C/Std,CG42750,46,Female,53
28C/Std,CG42750,47,Female,14
28C/Std,CG42750,48,Female,49
28C/Std,CG42750,1,Female,59
28C/Std,CG42750,4,Female,28
28C/Std,CG42750,6,Female,37
28C/Std,CG42750,7,Female,56
28C/Std,CG42750,9,Female,49
28C/Std,CG42750,11,Female,16
28C/Std,CG42750,12,Female,56
28C/Std,CG42750,13,Female,51
28C/Std,CG42750,14,Female,44
28C/Std,CG42750,15,Female,29
28C/Std,CG42750,17,Female,35
28C/Std,CG42750,18,Female,51
28C/Std,CG42750,19,Female,46
28C/Std,CG42750,20,Female,29
28C/Std,CG42750,21,Female,51
28C/Std,CG42750,22,Female,42
28C/Std,CG42750,23,Female,21
28C/Std,CG42750,24,Female,42
28C/Std,CG42750,25,Female,63
28C/Std,CG42750,26,Female,32
28C/Std,CG42750,27,Female,51
28C/Std,CG42750,28,Female,35
28C/Std,CG42750,30,Female,14
28C/Std,CG42750,31,Female,21
28C/Std,CG42750,32,Female,51
28C/Std,CG42750,33,Female,51
28C/Std,CG42750,34,Female,56
28C/Std,CG42750,35,Female,44
28C/Std,CG42750,37,Female,39
28C/Std,CG42750,39,Female,49
28C/Std,CG42750,40,Female,28
28C/Std,CG42750,41,Female,49
28C/Std,CG42750,43,Female,60
28C/Std,CG42750,44,Female,51
28C/Std,CG42750,45,Female,54
28C/Std,CG42750,46,Female,53
28C/Std,CG42750,47,Female,17
28C/Std,CG42750,48,Female,52
28C/Std,CG42750,1,Female,59
28C/Std,CG42750,4,Female,38
28C/Std,CG42750,5,Female,63
28C/Std,CG42750,6,Female,56
28C/Std,CG42750,7,Female,60
28C/Std,CG42750,9,Female,59
28C/Std,CG42750,12,Female,58
28C/Std,CG42750,13,Female,60
28C/Std,CG42750,14,Female,30
28C/Std,CG42750,15,Female,49
28C/Std,CG42750,16,Female,51
28C/Std,CG42750,17,Female,53
28C/Std,CG42750,18,Female,56
28C/Std,CG42750,19,Female,53
28C/Std,CG42750,20,Female,49
28C/Std,CG42750,21,Female,56
28C/Std,CG42750,22,Female,42
28C/Std,CG42750,23,Female,44
28C/Std,CG42750,24,Female,56
28C/Std,CG42750,25,Female,63
28C/Std,CG42750,26,Female,40
28C/Std,CG42750,27,Female,53
28C/Std,CG42750,28,Female,36
28C/Std,CG42750,30,Female,51
28C/Std,CG42750,31,Female,42
28C/Std,CG42750,33,Female,52
28C/Std,CG42750,35,Female,56
28C/Std,CG42750,36,Female,60
28C/Std,CG42750,37,Female,49
28C/Std,CG42750,38,Female,56
28C/Std,CG42750,39,Female,60
28C/Std,CG42750,40,Female,53
28C/Std,CG42750,41,Female,56
28C/Std,CG42750,42,Female,36
28C/Std,CG42750,44,Female,56
28C/Std,CG42750,46,Female,53
28C/Std,CG42750,47,Female,51
28C/Std,CG42750,48,Female,53
28C/Std,CG42750,4,Male,44
28C/Std,CG42750,8,Male,56
28C/Std,CG42750,9,Male,28
28C/Std,CG42750,11,Male,7
28C/Std,CG42750,13,Male,49
28C/Std,CG42750,14,Male,63
28C/Std,CG42750,15,Male,49
28C/Std,CG42750,17,Male,28
28C/Std,CG42750,20,Male,56
28C/Std,CG42750,21,Male,51
28C/Std,CG42750,22,Male,60
28C/Std,CG42750,23,Male,56
28C/Std,CG42750,24,Male,51
28C/Std,CG42750,25,Male,42
28C/Std,CG42750,26,Male,49
28C/Std,CG42750,27,Male,51
28C/Std,CG42750,28,Male,37
28C/Std,CG42750,29,Male,32
28C/Std,CG42750,30,Male,44
28C/Std,CG42750,31,Male,53
28C/Std,CG42750,32,Male,60
28C/Std,CG42750,33,Male,52
28C/Std,CG42750,34,Male,14
28C/Std,CG42750,35,Male,56
28C/Std,CG42750,36,Male,44
28C/Std,CG42750,37,Male,49
28C/Std,CG42750,38,Male,56
28C/Std,CG42750,42,Male,56
28C/Std,CG42750,43,Male,60
28C/Std,CG42750,44,Male,44
28C/Std,CG42750,45,Male,56
28C/Std,CG42750,46,Male,35
28C/Std,CG42750,47,Male,14
28C/Std,CG42750,4,Male,49
28C/Std,CG42750,8,Male,63
28C/Std,CG42750,10,Male,58
28C/Std,CG42750,11,Male,39
28C/Std,CG42750,12,Male,58
28C/Std,CG42750,13,Male,49
28C/Std,CG42750,14,Male,49
28C/Std,CG42750,15,Male,63
28C/Std,CG42750,17,Male,58
28C/Std,CG42750,19,Male,56
28C/Std,CG42750,20,Male,56
28C/Std,CG42750,21,Male,56
28C/Std,CG42750,22,Male,60
28C/Std,CG42750,23,Male,60
28C/Std,CG42750,24,Male,53
28C/Std,CG42750,25,Male,49
28C/Std,CG42750,26,Male,56
28C/Std,CG42750,27,Male,53
28C/Std,CG42750,28,Male,56
28C/Std,CG42750,29,Male,56
28C/Std,CG42750,30,Male,49
28C/Std,CG42750,31,Male,56
28C/Std,CG42750,32,Male,60
28C/Std,CG42750,34,Male,56
28C/Std,CG42750,36,Male,53
28C/Std,CG42750,38,Male,56
28C/Std,CG42750,40,Male,56
28C/Std,CG42750,41,Male,51
28C/Std,CG42750,43,Male,60
28C/Std,CG42750,44,Male,49
28C/Std,CG42750,45,Male,60
28C/Std,CG42750,47,Male,49
28C/Std,CG42750,48,Male,56
28C/Std,CG42750,4,Male,58
28C/Std,CG42750,8,Male,63
28C/Std,CG42750,9,Male,60
28C/Std,CG42750,10,Male,58
28C/Std,CG42750,11,Male,63
28C/Std,CG42750,12,Male,58
28C/Std,CG42750,13,Male,56
28C/Std,CG42750,14,Male,56
28C/Std,CG42750,15,Male,63
28C/Std,CG42750,17,Male,63
28C/Std,CG42750,19,Male,56
28C/Std,CG42750,20,Male,60
28C/Std,CG42750,21,Male,56
28C/Std,CG42750,22,Male,63
28C/Std,CG42750,23,Male,60
28C/Std,CG42750,24,Male,67
28C/Std,CG42750,25,Male,56
28C/Std,CG42750,27,Male,56
28C/Std,CG42750,28,Male,56
28C/Std,CG42750,29,Male,56
28C/Std,CG42750,30,Male,56
28C/Std,CG42750,31,Male,56
28C/Std,CG42750,32,Male,63
28C/Std,CG42750,33,Male,63
28C/Std,CG42750,34,Male,56
28C/Std,CG42750,35,Male,63
28C/Std,CG42750,36,Male,60
28C/Std,CG42750,37,Male,63
28C/Std,CG42750,40,Male,63
28C/Std,CG42750,41,Male,56
28C/Std,CG42750,42,Male,63
28C/Std,CG42750,43,Male,63
28C/Std,CG42750,44,Male,56
28C/Std,CG42750,45,Male,63
28C/Std,CG42750,46,Male,56
28C/Std,CG42750,47,Male,63
28C/Std,CG42750,48,Male,56
28C/Std,CG9265,2,Female,28
28C/Std,CG9265,3,Female,7
28C/Std,CG9265,4,Female,7
28C/Std,CG9265,5,Female,9
28C/Std,CG9265,6,Female,23
28C/Std,CG9265,8,Female,4
28C/Std,CG9265,9,Female,9
28C/Std,CG9265,10,Female,28
28C/Std,CG9265,11,Female,28
28C/Std,CG9265,12,Female,51
28C/Std,CG9265,13,Female,56
28C/Std,CG9265,14,Female,11
28C/Std,CG9265,15,Female,49
28C/Std,CG9265,16,Female,56
28C/Std,CG9265,17,Female,11
28C/Std,CG9265,19,Female,53
28C/Std,CG9265,20,Female,25
28C/Std,CG9265,21,Female,42
28C/Std,CG9265,22,Female,30
28C/Std,CG9265,23,Female,55
28C/Std,CG9265,24,Female,39
28C/Std,CG9265,25,Female,15
28C/Std,CG9265,26,Female,49
28C/Std,CG9265,27,Female,16
28C/Std,CG9265,28,Female,49
28C/Std,CG9265,29,Female,7
28C/Std,CG9265,31,Female,21
28C/Std,CG9265,32,Female,28
28C/Std,CG9265,34,Female,47
28C/Std,CG9265,35,Female,9
28C/Std,CG9265,36,Female,32
28C/Std,CG9265,37,Female,16
28C/Std,CG9265,38,Female,27
28C/Std,CG9265,39,Female,37
28C/Std,CG9265,40,Female,8
28C/Std,CG9265,41,Female,49
28C/Std,CG9265,42,Female,49
28C/Std,CG9265,43,Female,21
28C/Std,CG9265,44,Female,7
28C/Std,CG9265,45,Female,28
28C/Std,CG9265,46,Female,21
28C/Std,CG9265,47,Female,7
28C/Std,CG9265,1,Female,42
28C/Std,CG9265,2,Female,56
28C/Std,CG9265,3,Female,46
28C/Std,CG9265,5,Female,56
28C/Std,CG9265,8,Female,56
28C/Std,CG9265,9,Female,11
28C/Std,CG9265,10,Female,39
28C/Std,CG9265,11,Female,56
28C/Std,CG9265,12,Female,56
28C/Std,CG9265,13,Female,56
28C/Std,CG9265,14,Female,7
28C/Std,CG9265,15,Female,51
28C/Std,CG9265,16,Female,50
28C/Std,CG9265,17,Female,28
28C/Std,CG9265,18,Female,28
28C/Std,CG9265,19,Female,56
28C/Std,CG9265,20,Female,37
28C/Std,CG9265,21,Female,56
28C/Std,CG9265,22,Female,45
28C/Std,CG9265,23,Female,55
28C/Std,CG9265,24,Female,42
28C/Std,CG9265,26,Female,53
28C/Std,CG9265,27,Female,53
28C/Std,CG9265,28,Female,49
28C/Std,CG9265,29,Female,43
28C/Std,CG9265,30,Female,51
28C/Std,CG9265,31,Female,53
28C/Std,CG9265,32,Female,46
28C/Std,CG9265,34,Female,56
28C/Std,CG9265,35,Female,56
28C/Std,CG9265,37,Female,21
28C/Std,CG9265,38,Female,48
28C/Std,CG9265,39,Female,53
28C/Std,CG9265,40,Female,56
28C/Std,CG9265,41,Female,56
28C/Std,CG9265,42,Female,53
28C/Std,CG9265,43,Female,47
28C/Std,CG9265,44,Female,47
28C/Std,CG9265,45,Female,49
28C/Std,CG9265,46,Female,29
28C/Std,CG9265,47,Female,35
28C/Std,CG9265,48,Female,42
28C/Std,CG9265,1,Female,42
28C/Std,CG9265,2,Female,56
28C/Std,CG9265,3,Female,56
28C/Std,CG9265,4,Female,38
28C/Std,CG9265,5,Female,63
28C/Std,CG9265,6,Female,51
28C/Std,CG9265,8,Female,63
28C/Std,CG9265,9,Female,52
28C/Std,CG9265,10,Female,58
28C/Std,CG9265,11,Female,56
28C/Std,CG9265,12,Female,56
28C/Std,CG9265,13,Female,56
28C/Std,CG9265,14,Female,32
28C/Std,CG9265,15,Female,58
28C/Std,CG9265,16,Female,64
28C/Std,CG9265,17,Female,54
28C/Std,CG9265,18,Female,42
28C/Std,CG9265,19,Female,60
28C/Std,CG9265,20,Female,49
28C/Std,CG9265,21,Female,56
28C/Std,CG9265,22,Female,49
28C/Std,CG9265,23,Female,62
28C/Std,CG9265,24,Female,51
28C/Std,CG9265,25,Female,46
28C/Std,CG9265,26,Female,56
28C/Std,CG9265,27,Female,56
28C/Std,CG9265,28,Female,56
28C/Std,CG9265,29,Female,53
28C/Std,CG9265,30,Female,56
28C/Std,CG9265,31,Female,56
28C/Std,CG9265,34,Female,56
28C/Std,CG9265,35,Female,56
28C/Std,CG9265,36,Female,56
28C/Std,CG9265,37,Female,58
28C/Std,CG9265,38,Female,58
28C/Std,CG9265,39,Female,56
28C/Std,CG9265,41,Female,63
28C/Std,CG9265,42,Female,56
28C/Std,CG9265,43,Female,49
28C/Std,CG9265,44,Female,56
28C/Std,CG9265,45,Female,56
28C/Std,CG9265,47,Female,38
28C/Std,CG9265,48,Female,56
28C/Std,CG9265,1,Male,51
28C/Std,CG9265,2,Male,7
28C/Std,CG9265,3,Male,2
28C/Std,CG9265,4,Male,35
28C/Std,CG9265,8,Male,7
28C/Std,CG9265,9,Male,7
28C/Std,CG9265,10,Male,7
28C/Std,CG9265,11,Male,11
28C/Std,CG9265,14,Male,7
28C/Std,CG9265,15,Male,49
28C/Std,CG9265,17,Male,42
28C/Std,CG9265,18,Male,49
28C/Std,CG9265,19,Male,7
28C/Std,CG9265,20,Male,35
28C/Std,CG9265,21,Male,42
28C/Std,CG9265,22,Male,53
28C/Std,CG9265,23,Male,38
28C/Std,CG9265,24,Male,7
28C/Std,CG9265,25,Male,42
28C/Std,CG9265,27,Male,14
28C/Std,CG9265,28,Male,53
28C/Std,CG9265,29,Male,39
28C/Std,CG9265,30,Male,7
28C/Std,CG9265,31,Male,37
28C/Std,CG9265,32,Male,39
28C/Std,CG9265,33,Male,49
28C/Std,CG9265,34,Male,43
28C/Std,CG9265,35,Male,14
28C/Std,CG9265,36,Male,46
28C/Std,CG9265,37,Male,35
28C/Std,CG9265,38,Male,6
28C/Std,CG9265,39,Male,2
28C/Std,CG9265,40,Male,40
28C/Std,CG9265,41,Male,46
28C/Std,CG9265,42,Male,14
28C/Std,CG9265,43,Male,7
28C/Std,CG9265,44,Male,51
28C/Std,CG9265,45,Male,7
28C/Std,CG9265,46,Male,51
28C/Std,CG9265,48,Male,7
28C/Std,CG9265,1,Male,56
28C/Std,CG9265,2,Male,51
28C/Std,CG9265,3,Male,42
28C/Std,CG9265,4,Male,42
28C/Std,CG9265,6,Male,35
28C/Std,CG9265,8,Male,14
28C/Std,CG9265,9,Male,9
28C/Std,CG9265,10,Male,35
28C/Std,CG9265,11,Male,53
28C/Std,CG9265,12,Male,56
28C/Std,CG9265,14,Male,42
28C/Std,CG9265,15,Male,49
28C/Std,CG9265,17,Male,51
28C/Std,CG9265,18,Male,53
28C/Std,CG9265,20,Male,42
28C/Std,CG9265,21,Male,53
28C/Std,CG9265,22,Male,53
28C/Std,CG9265,23,Male,48
28C/Std,CG9265,24,Male,28
28C/Std,CG9265,25,Male,49
28C/Std,CG9265,28,Male,56
28C/Std,CG9265,29,Male,42
28C/Std,CG9265,30,Male,39
28C/Std,CG9265,31,Male,53
28C/Std,CG9265,32,Male,49
28C/Std,CG9265,33,Male,49
28C/Std,CG9265,34,Male,47
28C/Std,CG9265,35,Male,46
28C/Std,CG9265,36,Male,49
28C/Std,CG9265,37,Male,49
28C/Std,CG9265,38,Male,41
28C/Std,CG9265,39,Male,49
28C/Std,CG9265,40,Male,56
28C/Std,CG9265,42,Male,37
28C/Std,CG9265,43,Male,21
28C/Std,CG9265,44,Male,56
28C/Std,CG9265,47,Male,49
28C/Std,CG9265,48,Male,37
28C/Std,CG9265,1,Male,63
28C/Std,CG9265,2,Male,51
28C/Std,CG9265,3,Male,49
28C/Std,CG9265,4,Male,60
28C/Std,CG9265,6,Male,37
28C/Std,CG9265,9,Male,37
28C/Std,CG9265,10,Male,42
28C/Std,CG9265,11,Male,63
28C/Std,CG9265,12,Male,63
28C/Std,CG9265,14,Male,42
28C/Std,CG9265,15,Male,51
28C/Std,CG9265,17,Male,65
28C/Std,CG9265,18,Male,63
28C/Std,CG9265,19,Male,35
28C/Std,CG9265,20,Male,42
28C/Std,CG9265,21,Male,56
28C/Std,CG9265,22,Male,60
28C/Std,CG9265,23,Male,55
28C/Std,CG9265,24,Male,42
28C/Std,CG9265,25,Male,53
28C/Std,CG9265,27,Male,49
28C/Std,CG9265,28,Male,56
28C/Std,CG9265,29,Male,49
28C/Std,CG9265,30,Male,49
28C/Std,CG9265,31,Male,53
28C/Std,CG9265,32,Male,56
28C/Std,CG9265,33,Male,49
28C/Std,CG9265,34,Male,56
28C/Std,CG9265,35,Male,46
28C/Std,CG9265,37,Male,49
28C/Std,CG9265,38,Male,48
28C/Std,CG9265,39,Male,53
28C/Std,CG9265,41,Male,53
28C/Std,CG9265,42,Male,49
28C/Std,CG9265,43,Male,46
28C/Std,CG9265,45,Male,51
28C/Std,CG9265,46,Male,56
28C/Std,CG9265,47,Male,60
28C/Std,CG9265,48,Male,53
28C/Std,Cht-2,2,Female,56
28C/Std,Cht-2,5,Female,21
28C/Std,Cht-2,6,Female,23
28C/Std,Cht-2,7,Female,7
28C/Std,Cht-2,8,Female,29
28C/Std,Cht-2,9,Female,18
28C/Std,Cht-2,13,Female,14
28C/Std,Cht-2,14,Female,36
28C/Std,Cht-2,15,Female,8
28C/Std,Cht-2,16,Female,56
28C/Std,Cht-2,17,Female,25
28C/Std,Cht-2,20,Female,21
28C/Std,Cht-2,21,Female,21
28C/Std,Cht-2,22,Female,18
28C/Std,Cht-2,23,Female,17
28C/Std,Cht-2,24,Female,18
28C/Std,Cht-2,25,Female,7
28C/Std,Cht-2,26,Female,28
28C/Std,Cht-2,27,Female,14
28C/Std,Cht-2,28,Female,21
28C/Std,Cht-2,29,Female,50
28C/Std,Cht-2,30,Female,21
28C/Std,Cht-2,31,Female,43
28C/Std,Cht-2,32,Female,23
28C/Std,Cht-2,33,Female,9
28C/Std,Cht-2,34,Female,28
28C/Std,Cht-2,35,Female,7
28C/Std,Cht-2,36,Female,21
28C/Std,Cht-2,37,Female,14
28C/Std,Cht-2,38,Female,35
28C/Std,Cht-2,39,Female,21
28C/Std,Cht-2,40,Female,16
28C/Std,Cht-2,41,Female,18
28C/Std,Cht-2,43,Female,28
28C/Std,Cht-2,44,Female,42
28C/Std,Cht-2,45,Female,21
28C/Std,Cht-2,46,Female,9
28C/Std,Cht-2,47,Female,49
28C/Std,Cht-2,48,Female,2
28C/Std,Cht-2,2,Female,56
28C/Std,Cht-2,3,Female,28
28C/Std,Cht-2,5,Female,25
28C/Std,Cht-2,7,Female,21
28C/Std,Cht-2,8,Female,49
28C/Std,Cht-2,9,Female,54
28C/Std,Cht-2,11,Female,56
28C/Std,Cht-2,12,Female,56
28C/Std,Cht-2,14,Female,49
28C/Std,Cht-2,15,Female,21
28C/Std,Cht-2,16,Female,46
28C/Std,Cht-2,17,Female,49
28C/Std,Cht-2,18,Female,31
28C/Std,Cht-2,19,Female,53
28C/Std,Cht-2,20,Female,28
28C/Std,Cht-2,21,Female,42
28C/Std,Cht-2,22,Female,39
28C/Std,Cht-2,23,Female,25
28C/Std,Cht-2,24,Female,38
28C/Std,Cht-2,25,Female,39
28C/Std,Cht-2,26,Female,42
28C/Std,Cht-2,27,Female,16
28C/Std,Cht-2,28,Female,49
28C/Std,Cht-2,29,Female,52
28C/Std,Cht-2,30,Female,46
28C/Std,Cht-2,31,Female,53
28C/Std,Cht-2,32,Female,29
28C/Std,Cht-2,33,Female,16
28C/Std,Cht-2,34,Female,35
28C/Std,Cht-2,35,Female,21
28C/Std,Cht-2,36,Female,21
28C/Std,Cht-2,37,Female,21
28C/Std,Cht-2,38,Female,44
28C/Std,Cht-2,39,Female,42
28C/Std,Cht-2,40,Female,23
28C/Std,Cht-2,41,Female,25
28C/Std,Cht-2,43,Female,42
28C/Std,Cht-2,44,Female,53
28C/Std,Cht-2,45,Female,43
28C/Std,Cht-2,46,Female,16
28C/Std,Cht-2,47,Female,56
28C/Std,Cht-2,2,Female,63
28C/Std,Cht-2,3,Female,39
28C/Std,Cht-2,5,Female,28
28C/Std,Cht-2,6,Female,56
28C/Std,Cht-2,7,Female,49
28C/Std,Cht-2,8,Female,51
28C/Std,Cht-2,9,Female,54
28C/Std,Cht-2,11,Female,60
28C/Std,Cht-2,12,Female,63
28C/Std,Cht-2,13,Female,56
28C/Std,Cht-2,14,Female,49
28C/Std,Cht-2,15,Female,49
28C/Std,Cht-2,16,Female,56
28C/Std,Cht-2,17,Female,56
28C/Std,Cht-2,18,Female,44
28C/Std,Cht-2,19,Female,60
28C/Std,Cht-2,20,Female,29
28C/Std,Cht-2,21,Female,53
28C/Std,Cht-2,22,Female,46
28C/Std,Cht-2,23,Female,56
28C/Std,Cht-2,24,Female,51
28C/Std,Cht-2,25,Female,44
28C/Std,Cht-2,26,Female,53
28C/Std,Cht-2,27,Female,56
28C/Std,Cht-2,28,Female,53
28C/Std,Cht-2,29,Female,55
28C/Std,Cht-2,30,Female,53
28C/Std,Cht-2,31,Female,56
28C/Std,Cht-2,32,Female,49
28C/Std,Cht-2,33,Female,18
28C/Std,Cht-2,34,Female,42
28C/Std,Cht-2,37,Female,51
28C/Std,Cht-2,38,Female,50
28C/Std,Cht-2,39,Female,56
28C/Std,Cht-2,40,Female,35
28C/Std,Cht-2,41,Female,56
28C/Std,Cht-2,43,Female,56
28C/Std,Cht-2,46,Female,21
28C/Std,Cht-2,48,Female,56
28C/Std,Cht-2,2,Male,7
28C/Std,Cht-2,3,Male,7
28C/Std,Cht-2,9,Male,7
28C/Std,Cht-2,10,Male,9
28C/Std,Cht-2,12,Male,23
28C/Std,Cht-2,14,Male,42
28C/Std,Cht-2,15,Male,7
28C/Std,Cht-2,16,Male,46
28C/Std,Cht-2,17,Male,42
28C/Std,Cht-2,18,Male,42
28C/Std,Cht-2,20,Male,16
28C/Std,Cht-2,21,Male,49
28C/Std,Cht-2,22,Male,37
28C/Std,Cht-2,24,Male,21
28C/Std,Cht-2,25,Male,21
28C/Std,Cht-2,27,Male,7
28C/Std,Cht-2,28,Male,53
28C/Std,Cht-2,31,Male,49
28C/Std,Cht-2,32,Male,21
28C/Std,Cht-2,33,Male,56
28C/Std,Cht-2,34,Male,9
28C/Std,Cht-2,35,Male,14
28C/Std,Cht-2,36,Male,32
28C/Std,Cht-2,37,Male,39
28C/Std,Cht-2,40,Male,51
28C/Std,Cht-2,41,Male,35
28C/Std,Cht-2,43,Male,49
28C/Std,Cht-2,44,Male,35
28C/Std,Cht-2,45,Male,49
28C/Std,Cht-2,46,Male,49
28C/Std,Cht-2,47,Male,9
28C/Std,Cht-2,48,Male,8
28C/Std,Cht-2,2,Male,30
28C/Std,Cht-2,3,Male,56
28C/Std,Cht-2,4,Male,30
28C/Std,Cht-2,5,Male,28
28C/Std,Cht-2,7,Male,49
28C/Std,Cht-2,8,Male,56
28C/Std,Cht-2,9,Male,9
28C/Std,Cht-2,11,Male,14
28C/Std,Cht-2,12,Male,46
28C/Std,Cht-2,14,Male,49
28C/Std,Cht-2,15,Male,56
28C/Std,Cht-2,16,Male,51
28C/Std,Cht-2,17,Male,46
28C/Std,Cht-2,18,Male,53
28C/Std,Cht-2,19,Male,42
28C/Std,Cht-2,21,Male,49
28C/Std,Cht-2,22,Male,53
28C/Std,Cht-2,23,Male,49
28C/Std,Cht-2,24,Male,49
28C/Std,Cht-2,25,Male,35
28C/Std,Cht-2,26,Male,39
28C/Std,Cht-2,27,Male,28
28C/Std,Cht-2,28,Male,53
28C/Std,Cht-2,29,Male,52
28C/Std,Cht-2,31,Male,49
28C/Std,Cht-2,32,Male,29
28C/Std,Cht-2,33,Male,56
28C/Std,Cht-2,34,Male,56
28C/Std,Cht-2,35,Male,56
28C/Std,Cht-2,36,Male,49
28C/Std,Cht-2,37,Male,49
28C/Std,Cht-2,38,Male,46
28C/Std,Cht-2,40,Male,56
28C/Std,Cht-2,41,Male,49
28C/Std,Cht-2,42,Male,56
28C/Std,Cht-2,43,Male,51
28C/Std,Cht-2,44,Male,49
28C/Std,Cht-2,45,Male,53
28C/Std,Cht-2,46,Male,49
28C/Std,Cht-2,47,Male,46
28C/Std,Cht-2,48,Male,9
28C/Std,Cht-2,3,Male,56
28C/Std,Cht-2,4,Male,30
28C/Std,Cht-2,5,Male,56
28C/Std,Cht-2,7,Male,52
28C/Std,Cht-2,8,Male,56
28C/Std,Cht-2,9,Male,53
28C/Std,Cht-2,10,Male,42
28C/Std,Cht-2,11,Male,50
28C/Std,Cht-2,12,Male,49
28C/Std,Cht-2,14,Male,49
28C/Std,Cht-2,15,Male,56
28C/Std,Cht-2,16,Male,53
28C/Std,Cht-2,17,Male,56
28C/Std,Cht-2,18,Male,53
28C/Std,Cht-2,19,Male,42
28C/Std,Cht-2,20,Male,56
28C/Std,Cht-2,21,Male,53
28C/Std,Cht-2,22,Male,53
28C/Std,Cht-2,23,Male,51
28C/Std,Cht-2,24,Male,51
28C/Std,Cht-2,25,Male,49
28C/Std,Cht-2,26,Male,49
28C/Std,Cht-2,27,Male,46
28C/Std,Cht-2,28,Male,56
28C/Std,Cht-2,29,Male,55
28C/Std,Cht-2,31,Male,49
28C/Std,Cht-2,32,Male,42
28C/Std,Cht-2,34,Male,56
28C/Std,Cht-2,35,Male,56
28C/Std,Cht-2,36,Male,53
28C/Std,Cht-2,37,Male,52
28C/Std,Cht-2,38,Male,46
28C/Std,Cht-2,40,Male,56
28C/Std,Cht-2,41,Male,52
28C/Std,Cht-2,42,Male,56
28C/Std,Cht-2,43,Male,56
28C/Std,Cht-2,44,Male,56
28C/Std,Cht-2,45,Male,56
28C/Std,Cht-2,47,Male,51
28C/Std,Cht-2,48,Male,49
28C/Std,cka,3,Female,42
28C/Std,cka,5,Female,53
28C/Std,cka,7,Female,42
28C/Std,cka,8,Female,21
28C/Std,cka,10,Female,46
28C/Std,cka,11,Female,44
28C/Std,cka,13,Female,21
28C/Std,cka,16,Female,29
28C/Std,cka,17,Female,23
28C/Std,cka,18,Female,44
28C/Std,cka,19,Female,23
28C/Std,cka,20,Female,22
28C/Std,cka,21,Female,25
28C/Std,cka,22,Female,42
28C/Std,cka,23,Female,56
28C/Std,cka,24,Female,3
28C/Std,cka,25,Female,14
28C/Std,cka,26,Female,21
28C/Std,cka,27,Female,49
28C/Std,cka,28,Female,51
28C/Std,cka,29,Female,46
28C/Std,cka,30,Female,51
28C/Std,cka,31,Female,53
28C/Std,cka,33,Female,32
28C/Std,cka,34,Female,52
28C/Std,cka,35,Female,53
28C/Std,cka,36,Female,28
28C/Std,cka,37,Female,43
28C/Std,cka,38,Female,29
28C/Std,cka,40,Female,37
28C/Std,cka,41,Female,39
28C/Std,cka,42,Female,53
28C/Std,cka,43,Female,32
28C/Std,cka,44,Female,42
28C/Std,cka,45,Female,25
28C/Std,cka,47,Female,28
28C/Std,cka,48,Female,53
28C/Std,cka,2,Female,52
28C/Std,cka,3,Female,42
28C/Std,cka,4,Female,51
28C/Std,cka,5,Female,56
28C/Std,cka,6,Female,56
28C/Std,cka,8,Female,39
28C/Std,cka,11,Female,56
28C/Std,cka,14,Female,56
28C/Std,cka,16,Female,56
28C/Std,cka,17,Female,56
28C/Std,cka,18,Female,49
28C/Std,cka,19,Female,56
28C/Std,cka,20,Female,24
28C/Std,cka,21,Female,46
28C/Std,cka,22,Female,56
28C/Std,cka,23,Female,58
28C/Std,cka,24,Female,51
28C/Std,cka,25,Female,46
28C/Std,cka,26,Female,31
28C/Std,cka,27,Female,50
28C/Std,cka,28,Female,51
28C/Std,cka,29,Female,51
28C/Std,cka,30,Female,56
28C/Std,cka,31,Female,56
28C/Std,cka,33,Female,58
28C/Std,cka,34,Female,53
28C/Std,cka,35,Female,56
28C/Std,cka,36,Female,42
28C/Std,cka,37,Female,46
28C/Std,cka,38,Female,53
28C/Std,cka,39,Female,22
28C/Std,cka,40,Female,51
28C/Std,cka,41,Female,51
28C/Std,cka,42,Female,54
28C/Std,cka,43,Female,56
28C/Std,cka,44,Female,50
28C/Std,cka,47,Female,51
28C/Std,cka,48,Female,56
28C/Std,cka,2,Female,53
28C/Std,cka,3,Female,42
28C/Std,cka,4,Female,56
28C/Std,cka,5,Female,56
28C/Std,cka,6,Female,56
28C/Std,cka,7,Female,56
28C/Std,cka,8,Female,52
28C/Std,cka,10,Female,63
28C/Std,cka,11,Female,56
28C/Std,cka,13,Female,58
28C/Std,cka,14,Female,60
28C/Std,cka,16,Female,56
28C/Std,cka,17,Female,56
28C/Std,cka,18,Female,51
28C/Std,cka,19,Female,56
28C/Std,cka,20,Female,44
28C/Std,cka,21,Female,56
28C/Std,cka,22,Female,58
28C/Std,cka,23,Female,63
28C/Std,cka,24,Female,56
28C/Std,cka,25,Female,63
28C/Std,cka,26,Female,56
28C/Std,cka,27,Female,51
28C/Std,cka,28,Female,56
28C/Std,cka,29,Female,56
28C/Std,cka,30,Female,56
28C/Std,cka,31,Female,60
28C/Std,cka,34,Female,58
28C/Std,cka,35,Female,59
28C/Std,cka,36,Female,59
28C/Std,cka,37,Female,52
28C/Std,cka,38,Female,56
28C/Std,cka,39,Female,53
28C/Std,cka,40,Female,57
28C/Std,cka,41,Female,60
28C/Std,cka,42,Female,56
28C/Std,cka,43,Female,58
28C/Std,cka,45,Female,60
28C/Std,cka,47,Female,56
28C/Std,cka,48,Female,56
28C/Std,cka,1,Male,46
28C/Std,cka,2,Male,14
28C/Std,cka,3,Male,39
28C/Std,cka,5,Male,21
28C/Std,cka,6,Male,21
28C/Std,cka,8,Male,35
28C/Std,cka,10,Male,37
28C/Std,cka,11,Male,42
28C/Std,cka,12,Male,39
28C/Std,cka,13,Male,32
28C/Std,cka,15,Male,37
28C/Std,cka,17,Male,4
28C/Std,cka,18,Male,46
28C/Std,cka,21,Male,2
28C/Std,cka,22,Male,25
28C/Std,cka,24,Male,35
28C/Std,cka,25,Male,28
28C/Std,cka,26,Male,35
28C/Std,cka,29,Male,46
28C/Std,cka,30,Male,4
28C/Std,cka,33,Male,54
28C/Std,cka,34,Male,22
28C/Std,cka,35,Male,44
28C/Std,cka,36,Male,39
28C/Std,cka,37,Male,44
28C/Std,cka,38,Male,25
28C/Std,cka,39,Male,39
28C/Std,cka,41,Male,53
28C/Std,cka,42,Male,21
28C/Std,cka,43,Male,44
28C/Std,cka,44,Male,44
28C/Std,cka,45,Male,44
28C/Std,cka,46,Male,7
28C/Std,cka,47,Male,43
28C/Std,cka,2,Male,39
28C/Std,cka,3,Male,42
28C/Std,cka,4,Male,51
28C/Std,cka,5,Male,46
28C/Std,cka,6,Male,21
28C/Std,cka,10,Male,46
28C/Std,cka,11,Male,45
28C/Std,cka,12,Male,53
28C/Std,cka,13,Male,42
28C/Std,cka,14,Male,53
28C/Std,cka,15,Male,37
28C/Std,cka,16,Male,30
28C/Std,cka,17,Male,56
28C/Std,cka,18,Male,49
28C/Std,cka,19,Male,46
28C/Std,cka,20,Male,49
28C/Std,cka,21,Male,49
28C/Std,cka,22,Male,42
28C/Std,cka,23,Male,14
28C/Std,cka,24,Male,42
28C/Std,cka,25,Male,49
28C/Std,cka,26,Male,39
28C/Std,cka,27,Male,14
28C/Std,cka,29,Male,49
28C/Std,cka,30,Male,7
28C/Std,cka,31,Male,44
28C/Std,cka,33,Male,59
28C/Std,cka,34,Male,37
28C/Std,cka,36,Male,49
28C/Std,cka,37,Male,49
28C/Std,cka,38,Male,35
28C/Std,cka,39,Male,44
28C/Std,cka,40,Male,44
28C/Std,cka,41,Male,56
28C/Std,cka,42,Male,39
28C/Std,cka,43,Male,44
28C/Std,cka,44,Male,46
28C/Std,cka,45,Male,53
28C/Std,cka,46,Male,44
28C/Std,cka,47,Male,46
28C/Std,cka,1,Male,56
28C/Std,cka,2,Male,53
28C/Std,cka,3,Male,53
28C/Std,cka,4,Male,56
28C/Std,cka,5,Male,46
28C/Std,cka,8,Male,51
28C/Std,cka,10,Male,53
28C/Std,cka,11,Male,49
28C/Std,cka,12,Male,56
28C/Std,cka,14,Male,56
28C/Std,cka,15,Male,53
28C/Std,cka,16,Male,42
28C/Std,cka,17,Male,56
28C/Std,cka,18,Male,49
28C/Std,cka,19,Male,49
28C/Std,cka,20,Male,49
28C/Std,cka,21,Male,49
28C/Std,cka,22,Male,49
28C/Std,cka,23,Male,35
28C/Std,cka,24,Male,46
28C/Std,cka,25,Male,56
28C/Std,cka,26,Male,56
28C/Std,cka,27,Male,44
28C/Std,cka,29,Male,56
28C/Std,cka,31,Male,60
28C/Std,cka,34,Male,53
28C/Std,cka,35,Male,49
28C/Std,cka,36,Male,53
28C/Std,cka,37,Male,56
28C/Std,cka,38,Male,44
28C/Std,cka,39,Male,46
28C/Std,cka,40,Male,49
28C/Std,cka,41,Male,56
28C/Std,cka,42,Male,46
28C/Std,cka,43,Male,53
28C/Std,cka,44,Male,46
28C/Std,cka,47,Male,51
28C/Std,Control,2,Female,28
28C/Std,Control,7,Female,52
28C/Std,Control,8,Female,21
28C/Std,Control,9,Female,42
28C/Std,Control,10,Female,56
28C/Std,Control,16,Female,21
28C/Std,Control,18,Female,7
28C/Std,Control,19,Female,25
28C/Std,Control,20,Female,25
28C/Std,Control,23,Female,25
28C/Std,Control,24,Female,16
28C/Std,Control,25,Female,14
28C/Std,Control,27,Female,23
28C/Std,Control,28,Female,17
28C/Std,Control,29,Female,9
28C/Std,Control,30,Female,42
28C/Std,Control,31,Female,44
28C/Std,Control,32,Female,22
28C/Std,Control,33,Female,22
28C/Std,Control,34,Female,39
28C/Std,Control,35,Female,14
28C/Std,Control,37,Female,31
28C/Std,Control,38,Female,14
28C/Std,Control,40,Female,21
28C/Std,Control,41,Female,17
28C/Std,Control,42,Female,28
28C/Std,Control,43,Female,14
28C/Std,Control,44,Female,31
28C/Std,Control,45,Female,17
28C/Std,Control,46,Female,25
28C/Std,Control,1,Female,56
28C/Std,Control,3,Female,55
28C/Std,Control,4,Female,44
28C/Std,Control,7,Female,56
28C/Std,Control,9,Female,57
28C/Std,Control,10,Female,56
28C/Std,Control,12,Female,21
28C/Std,Control,13,Female,49
28C/Std,Control,14,Female,46
28C/Std,Control,15,Female,51
28C/Std,Control,17,Female,31
28C/Std,Control,18,Female,16
28C/Std,Control,19,Female,44
28C/Std,Control,20,Female,56
28C/Std,Control,21,Female,42
28C/Std,Control,22,Female,22
28C/Std,Control,23,Female,53
28C/Std,Control,24,Female,42
28C/Std,Control,25,Female,23
28C/Std,Control,26,Female,17
28C/Std,Control,27,Female,53
28C/Std,Control,28,Female,42
28C/Std,Control,30,Female,44
28C/Std,Control,31,Female,49
28C/Std,Control,32,Female,42
28C/Std,Control,33,Female,37
28C/Std,Control,34,Female,50
28C/Std,Control,35,Female,52
28C/Std,Control,36,Female,46
28C/Std,Control,37,Female,49
28C/Std,Control,38,Female,43
28C/Std,Control,39,Female,51
28C/Std,Control,40,Female,30
28C/Std,Control,42,Female,42
28C/Std,Control,43,Female,22
28C/Std,Control,44,Female,42
28C/Std,Control,45,Female,53
28C/Std,Control,46,Female,51
28C/Std,Control,48,Female,35
28C/Std,Control,1,Female,63
28C/Std,Control,2,Female,36
28C/Std,Control,3,Female,55
28C/Std,Control,4,Female,44
28C/Std,Control,8,Female,49
28C/Std,Control,10,Female,60
28C/Std,Control,12,Female,52
28C/Std,Control,13,Female,63
28C/Std,Control,14,Female,67
28C/Std,Control,15,Female,56
28C/Std,Control,16,Female,46
28C/Std,Control,17,Female,42
28C/Std,Control,18,Female,37
28C/Std,Control,19,Female,46
28C/Std,Control,20,Female,56
28C/Std,Control,21,Female,53
28C/Std,Control,22,Female,30
28C/Std,Control,23,Female,56
28C/Std,Control,24,Female,49
28C/Std,Control,25,Female,44
28C/Std,Control,26,Female,36
28C/Std,Control,27,Female,56
28C/Std,Control,28,Female,53
28C/Std,Control,29,Female,39
28C/Std,Control,30,Female,46
28C/Std,Control,31,Female,53
28C/Std,Control,32,Female,53
28C/Std,Control,33,Female,49
28C/Std,Control,34,Female,53
28C/Std,Control,35,Female,56
28C/Std,Control,36,Female,53
28C/Std,Control,37,Female,52
28C/Std,Control,39,Female,56
28C/Std,Control,40,Female,51
28C/Std,Control,41,Female,58
28C/Std,Control,43,Female,51
28C/Std,Control,44,Female,44
28C/Std,Control,45,Female,56
28C/Std,Control,46,Female,56
28C/Std,Control,48,Female,42
28C/Std,Control,2,Male,46
28C/Std,Control,4,Male,53
28C/Std,Control,6,Male,35
28C/Std,Control,7,Male,60
28C/Std,Control,8,Male,21
28C/Std,Control,13,Male,49
28C/Std,Control,14,Male,42
28C/Std,Control,15,Male,11
28C/Std,Control,17,Male,29
28C/Std,Control,18,Male,56
28C/Std,Control,19,Male,56
28C/Std,Control,20,Male,60
28C/Std,Control,24,Male,56
28C/Std,Control,25,Male,14
28C/Std,Control,26,Male,63
28C/Std,Control,27,Male,53
28C/Std,Control,29,Male,14
28C/Std,Control,31,Male,52
28C/Std,Control,33,Male,58
28C/Std,Control,35,Male,58
28C/Std,Control,36,Male,51
28C/Std,Control,37,Male,35
28C/Std,Control,38,Male,56
28C/Std,Control,39,Male,42
28C/Std,Control,40,Male,31
28C/Std,Control,41,Male,28
28C/Std,Control,42,Male,43
28C/Std,Control,43,Male,11
28C/Std,Control,45,Male,36
28C/Std,Control,48,Male,51
28C/Std,Control,2,Male,53
28C/Std,Control,3,Male,52
28C/Std,Control,4,Male,58
28C/Std,Control,5,Male,53
28C/Std,Control,7,Male,60
28C/Std,Control,8,Male,56
28C/Std,Control,9,Male,56
28C/Std,Control,12,Male,60
28C/Std,Control,13,Male,63
28C/Std,Control,14,Male,56
28C/Std,Control,16,Male,39
28C/Std,Control,17,Male,35
28C/Std,Control,18,Male,56
28C/Std,Control,19,Male,59
28C/Std,Control,20,Male,60
28C/Std,Control,21,Male,58
28C/Std,Control,22,Male,21
28C/Std,Control,23,Male,35
28C/Std,Control,24,Male,56
28C/Std,Control,25,Male,63
28C/Std,Control,26,Male,65
28C/Std,Control,27,Male,53
28C/Std,Control,28,Male,35
28C/Std,Control,29,Male,60
28C/Std,Control,30,Male,53
28C/Std,Control,31,Male,58
28C/Std,Control,32,Male,39
28C/Std,Control,33,Male,60
28C/Std,Control,34,Male,58
28C/Std,Control,35,Male,58
28C/Std,Control,36,Male,52
28C/Std,Control,37,Male,39
28C/Std,Control,38,Male,56
28C/Std,Control,41,Male,44
28C/Std,Control,42,Male,44
28C/Std,Control,43,Male,23
28C/Std,Control,44,Male,56
28C/Std,Control,45,Male,44
28C/Std,Control,46,Male,53
28C/Std,Control,47,Male,58
28C/Std,Control,48,Male,56
28C/Std,Control,2,Male,63
28C/Std,Control,3,Male,62
28C/Std,Control,4,Male,60
28C/Std,Control,5,Male,58
28C/Std,Control,6,Male,67
28C/Std,Control,7,Male,60
28C/Std,Control,8,Male,63
28C/Std,Control,9,Male,56
28C/Std,Control,12,Male,63
28C/Std,Control,13,Male,63
28C/Std,Control,14,Male,67
28C/Std,Control,15,Male,30
28C/Std,Control,16,Male,58
28C/Std,Control,17,Male,56
28C/Std,Control,18,Male,63
28C/Std,Control,19,Male,59
28C/Std,Control,20,Male,63
28C/Std,Control,21,Male,59
28C/Std,Control,22,Male,49
28C/Std,Control,23,Male,53
28C/Std,Control,24,Male,59
28C/Std,Control,25,Male,63
28C/Std,Control,27,Male,63
28C/Std,Control,28,Male,42
28C/Std,Control,29,Male,67
28C/Std,Control,30,Male,56
28C/Std,Control,31,Male,60
28C/Std,Control,32,Male,63
28C/Std,Control,33,Male,64
28C/Std,Control,34,Male,65
28C/Std,Control,35,Male,63
28C/Std,Control,36,Male,56
28C/Std,Control,37,Male,63
28C/Std,Control,38,Male,63
28C/Std,Control,39,Male,67
28C/Std,Control,40,Male,60
28C/Std,Control,41,Male,52
28C/Std,Control,42,Male,58
28C/Std,Control,43,Male,63
28C/Std,Control,44,Male,60
28C/Std,Control,46,Male,56
28C/Std,Control,47,Male,63
28C/Std,Control,48,Male,58
28C/Std,Doa,1,Female,7
28C/Std,Doa,2,Female,39
28C/Std,Doa,3,Female,35
28C/Std,Doa,4,Female,38
28C/Std,Doa,5,Female,14
28C/Std,Doa,6,Female,11
28C/Std,Doa,8,Female,28
28C/Std,Doa,10,Female,37
28C/Std,Doa,11,Female,35
28C/Std,Doa,14,Female,21
28C/Std,Doa,16,Female,14
28C/Std,Doa,17,Female,39
28C/Std,Doa,18,Female,46
28C/Std,Doa,19,Female,37
28C/Std,Doa,21,Female,42
28C/Std,Doa,22,Female,49
28C/Std,Doa,23,Female,49
28C/Std,Doa,24,Female,21
28C/Std,Doa,25,Female,4
28C/Std,Doa,26,Female,14
28C/Std,Doa,27,Female,3
28C/Std,Doa,28,Female,49
28C/Std,Doa,29,Female,18
28C/Std,Doa,30,Female,7
28C/Std,Doa,33,Female,35
28C/Std,Doa,34,Female,42
28C/Std,Doa,35,Female,35
28C/Std,Doa,36,Female,39
28C/Std,Doa,38,Female,11
28C/Std,Doa,39,Female,25
28C/Std,Doa,40,Female,42
28C/Std,Doa,41,Female,7
28C/Std,Doa,42,Female,14
28C/Std,Doa,43,Female,49
28C/Std,Doa,44,Female,10
28C/Std,Doa,45,Female,8
28C/Std,Doa,46,Female,35
28C/Std,Doa,47,Female,24
28C/Std,Doa,48,Female,20
28C/Std,Doa,1,Female,7
28C/Std,Doa,2,Female,56
28C/Std,Doa,3,Female,39
28C/Std,Doa,4,Female,50
28C/Std,Doa,5,Female,42
28C/Std,Doa,6,Female,35
28C/Std,Doa,7,Female,37
28C/Std,Doa,8,Female,49
28C/Std,Doa,9,Female,49
28C/Std,Doa,10,Female,53
28C/Std,Doa,14,Female,56
28C/Std,Doa,16,Female,42
28C/Std,Doa,17,Female,42
28C/Std,Doa,18,Female,53
28C/Std,Doa,19,Female,39
28C/Std,Doa,20,Female,21
28C/Std,Doa,22,Female,49
28C/Std,Doa,23,Female,53
28C/Std,Doa,24,Female,46
28C/Std,Doa,25,Female,32
28C/Std,Doa,27,Female,23
28C/Std,Doa,28,Female,49
28C/Std,Doa,29,Female,32
28C/Std,Doa,31,Female,18
28C/Std,Doa,32,Female,51
28C/Std,Doa,33,Female,42
28C/Std,Doa,35,Female,42
28C/Std,Doa,36,Female,42
28C/Std,Doa,37,Female,56
28C/Std,Doa,38,Female,15
28C/Std,Doa,39,Female,37
28C/Std,Doa,40,Female,42
28C/Std,Doa,41,Female,36
28C/Std,Doa,42,Female,42
28C/Std,Doa,43,Female,49
28C/Std,Doa,44,Female,45
28C/Std,Doa,45,Female,45
28C/Std,Doa,46,Female,36
28C/Std,Doa,47,Female,45
28C/Std,Doa,48,Female,45
28C/Std,Doa,1,Female,18
28C/Std,Doa,2,Female,60
28C/Std,Doa,4,Female,51
28C/Std,Doa,5,Female,63
28C/Std,Doa,7,Female,56
28C/Std,Doa,8,Female,56
28C/Std,Doa,9,Female,49
28C/Std,Doa,10,Female,56
28C/Std,Doa,11,Female,42
28C/Std,Doa,14,Female,56
28C/Std,Doa,16,Female,56
28C/Std,Doa,17,Female,42
28C/Std,Doa,18,Female,58
28C/Std,Doa,19,Female,44
28C/Std,Doa,20,Female,35
28C/Std,Doa,21,Female,49
28C/Std,Doa,22,Female,49
28C/Std,Doa,23,Female,57
28C/Std,Doa,24,Female,56
28C/Std,Doa,25,Female,39
28C/Std,Doa,26,Female,42
28C/Std,Doa,27,Female,28
28C/Std,Doa,28,Female,53
28C/Std,Doa,29,Female,42
28C/Std,Doa,30,Female,56
28C/Std,Doa,31,Female,39
28C/Std,Doa,32,Female,51
28C/Std,Doa,33,Female,42
28C/Std,Doa,34,Female,56
28C/Std,Doa,35,Female,49
28C/Std,Doa,36,Female,56
28C/Std,Doa,37,Female,56
28C/Std,Doa,38,Female,53
28C/Std,Doa,39,Female,56
28C/Std,Doa,42,Female,49
28C/Std,Doa,43,Female,56
28C/Std,Doa,44,Female,56
28C/Std,Doa,45,Female,55
28C/Std,Doa,46,Female,55
28C/Std,Doa,47,Female,55
28C/Std,Doa,48,Female,55
28C/Std,Doa,1,Male,36
28C/Std,Doa,4,Male,45
28C/Std,Doa,5,Male,35
28C/Std,Doa,8,Male,21
28C/Std,Doa,14,Male,35
28C/Std,Doa,15,Male,35
28C/Std,Doa,16,Male,35
28C/Std,Doa,17,Male,49
28C/Std,Doa,18,Male,4
28C/Std,Doa,19,Male,42
28C/Std,Doa,20,Male,28
28C/Std,Doa,21,Male,7
28C/Std,Doa,23,Male,14
28C/Std,Doa,24,Male,42
28C/Std,Doa,25,Male,7
28C/Std,Doa,26,Male,37
28C/Std,Doa,27,Male,21
28C/Std,Doa,28,Male,4
28C/Std,Doa,29,Male,28
28C/Std,Doa,30,Male,42
28C/Std,Doa,31,Male,39
28C/Std,Doa,33,Male,35
28C/Std,Doa,34,Male,42
28C/Std,Doa,36,Male,2
28C/Std,Doa,37,Male,7
28C/Std,Doa,38,Male,42
28C/Std,Doa,39,Male,32
28C/Std,Doa,40,Male,42
28C/Std,Doa,41,Male,37
28C/Std,Doa,43,Male,42
28C/Std,Doa,45,Male,50
28C/Std,Doa,46,Male,44
28C/Std,Doa,47,Male,3
28C/Std,Doa,48,Male,13
28C/Std,Doa,4,Male,49
28C/Std,Doa,6,Male,39
28C/Std,Doa,7,Male,42
28C/Std,Doa,10,Male,39
28C/Std,Doa,11,Male,39
28C/Std,Doa,14,Male,44
28C/Std,Doa,15,Male,38
28C/Std,Doa,16,Male,46
28C/Std,Doa,17,Male,49
28C/Std,Doa,18,Male,42
28C/Std,Doa,19,Male,42
28C/Std,Doa,20,Male,39
28C/Std,Doa,21,Male,42
28C/Std,Doa,22,Male,42
28C/Std,Doa,23,Male,46
28C/Std,Doa,24,Male,42
28C/Std,Doa,25,Male,39
28C/Std,Doa,26,Male,39
28C/Std,Doa,27,Male,39
28C/Std,Doa,29,Male,42
28C/Std,Doa,30,Male,44
28C/Std,Doa,31,Male,42
28C/Std,Doa,32,Male,42
28C/Std,Doa,33,Male,37
28C/Std,Doa,34,Male,42
28C/Std,Doa,35,Male,49
28C/Std,Doa,36,Male,2
28C/Std,Doa,37,Male,35
28C/Std,Doa,38,Male,44
28C/Std,Doa,39,Male,42
28C/Std,Doa,40,Male,42
28C/Std,Doa,41,Male,49
28C/Std,Doa,42,Male,37
28C/Std,Doa,43,Male,42
28C/Std,Doa,44,Male,35
28C/Std,Doa,45,Male,55
28C/Std,Doa,46,Male,45
28C/Std,Doa,47,Male,34
28C/Std,Doa,48,Male,44
28C/Std,Doa,1,Male,51
28C/Std,Doa,4,Male,50
28C/Std,Doa,5,Male,56
28C/Std,Doa,6,Male,39
28C/Std,Doa,7,Male,46
28C/Std,Doa,8,Male,37
28C/Std,Doa,10,Male,49
28C/Std,Doa,11,Male,39
28C/Std,Doa,14,Male,44
28C/Std,Doa,16,Male,51
28C/Std,Doa,17,Male,53
28C/Std,Doa,18,Male,49
28C/Std,Doa,19,Male,44
28C/Std,Doa,20,Male,42
28C/Std,Doa,21,Male,49
28C/Std,Doa,22,Male,49
28C/Std,Doa,23,Male,49
28C/Std,Doa,24,Male,49
28C/Std,Doa,25,Male,42
28C/Std,Doa,26,Male,44
28C/Std,Doa,27,Male,39
28C/Std,Doa,28,Male,42
28C/Std,Doa,29,Male,49
28C/Std,Doa,30,Male,44
28C/Std,Doa,31,Male,46
28C/Std,Doa,32,Male,42
28C/Std,Doa,33,Male,37
28C/Std,Doa,35,Male,49
28C/Std,Doa,37,Male,42
28C/Std,Doa,38,Male,53
28C/Std,Doa,39,Male,46
28C/Std,Doa,41,Male,53
28C/Std,Doa,42,Male,39
28C/Std,Doa,43,Male,42
28C/Std,Doa,44,Male,42
28C/Std,Doa,45,Male,55
28C/Std,Doa,46,Male,48
28C/Std,Doa,47,Male,45
28C/Std,Doa,48,Male,48
28C/Std,E23,3,Female,14
28C/Std,E23,5,Female,9
28C/Std,E23,6,Female,14
28C/Std,E23,9,Female,14
28C/Std,E23,10,Female,42
28C/Std,E23,11,Female,39
28C/Std,E23,14,Female,37
28C/Std,E23,15,Female,37
28C/Std,E23,16,Female,29
28C/Std,E23,17,Female,28
28C/Std,E23,18,Female,14
28C/Std,E23,19,Female,46
28C/Std,E23,20,Female,51
28C/Std,E23,21,Female,38
28C/Std,E23,22,Female,49
28C/Std,E23,23,Female,53
28C/Std,E23,24,Female,14
28C/Std,E23,25,Female,46
28C/Std,E23,26,Female,35
28C/Std,E23,29,Female,49
28C/Std,E23,30,Female,31
28C/Std,E23,31,Female,42
28C/Std,E23,32,Female,21
28C/Std,E23,33,Female,46
28C/Std,E23,34,Female,35
28C/Std,E23,35,Female,39
28C/Std,E23,36,Female,28
28C/Std,E23,37,Female,20
28C/Std,E23,38,Female,15
28C/Std,E23,39,Female,37
28C/Std,E23,40,Female,44
28C/Std,E23,41,Female,35
28C/Std,E23,42,Female,25
28C/Std,E23,43,Female,39
28C/Std,E23,44,Female,15
28C/Std,E23,45,Female,42
28C/Std,E23,46,Female,49
28C/Std,E23,47,Female,39
28C/Std,E23,48,Female,37
28C/Std,E23,3,Female,38
28C/Std,E23,5,Female,9
28C/Std,E23,6,Female,53
28C/Std,E23,7,Female,42
28C/Std,E23,8,Female,49
28C/Std,E23,9,Female,56
28C/Std,E23,10,Female,46
28C/Std,E23,14,Female,56
28C/Std,E23,16,Female,32
28C/Std,E23,19,Female,49
28C/Std,E23,20,Female,53
28C/Std,E23,21,Female,60
28C/Std,E23,22,Female,56
28C/Std,E23,23,Female,56
28C/Std,E23,24,Female,49
28C/Std,E23,25,Female,53
28C/Std,E23,26,Female,49
28C/Std,E23,27,Female,18
28C/Std,E23,28,Female,46
28C/Std,E23,29,Female,53
28C/Std,E23,30,Female,37
28C/Std,E23,31,Female,44
28C/Std,E23,32,Female,56
28C/Std,E23,33,Female,56
28C/Std,E23,34,Female,56
28C/Std,E23,35,Female,49
28C/Std,E23,36,Female,37
28C/Std,E23,38,Female,56
28C/Std,E23,39,Female,42
28C/Std,E23,40,Female,53
28C/Std,E23,41,Female,46
28C/Std,E23,42,Female,46
28C/Std,E23,43,Female,39
28C/Std,E23,44,Female,38
28C/Std,E23,45,Female,53
28C/Std,E23,46,Female,53
28C/Std,E23,47,Female,46
28C/Std,E23,48,Female,42
28C/Std,E23,3,Female,50
28C/Std,E23,6,Female,53
28C/Std,E23,7,Female,49
28C/Std,E23,8,Female,49
28C/Std,E23,9,Female,56
28C/Std,E23,10,Female,49
28C/Std,E23,11,Female,56
28C/Std,E23,14,Female,56
28C/Std,E23,15,Female,42
28C/Std,E23,17,Female,42
28C/Std,E23,18,Female,49
28C/Std,E23,19,Female,52
28C/Std,E23,20,Female,54
28C/Std,E23,21,Female,60
28C/Std,E23,22,Female,63
28C/Std,E23,23,Female,63
28C/Std,E23,24,Female,49
28C/Std,E23,25,Female,56
28C/Std,E23,26,Female,49
28C/Std,E23,27,Female,32
28C/Std,E23,28,Female,46
28C/Std,E23,29,Female,58
28C/Std,E23,30,Female,39
28C/Std,E23,31,Female,63
28C/Std,E23,32,Female,56
28C/Std,E23,33,Female,58
28C/Std,E23,34,Female,56
28C/Std,E23,35,Female,51
28C/Std,E23,36,Female,49
28C/Std,E23,37,Female,59
28C/Std,E23,38,Female,56
28C/Std,E23,39,Female,56
28C/Std,E23,40,Female,56
28C/Std,E23,41,Female,53
28C/Std,E23,42,Female,49
28C/Std,E23,43,Female,56
28C/Std,E23,47,Female,46
28C/Std,E23,48,Female,45
28C/Std,E23,1,Male,32
28C/Std,E23,3,Male,35
28C/Std,E23,8,Male,42
28C/Std,E23,10,Male,46
28C/Std,E23,12,Male,49
28C/Std,E23,13,Male,30
28C/Std,E23,14,Male,46
28C/Std,E23,15,Male,37
28C/Std,E23,16,Male,42
28C/Std,E23,18,Male,43
28C/Std,E23,19,Male,37
28C/Std,E23,21,Male,4
28C/Std,E23,22,Male,49
28C/Std,E23,23,Male,35
28C/Std,E23,25,Male,53
28C/Std,E23,26,Male,42
28C/Std,E23,27,Male,38
28C/Std,E23,29,Male,49
28C/Std,E23,30,Male,39
28C/Std,E23,31,Male,45
28C/Std,E23,32,Male,42
28C/Std,E23,33,Male,9
28C/Std,E23,34,Male,42
28C/Std,E23,35,Male,39
28C/Std,E23,36,Male,44
28C/Std,E23,38,Male,49
28C/Std,E23,39,Male,49
28C/Std,E23,40,Male,7
28C/Std,E23,42,Male,35
28C/Std,E23,43,Male,42
28C/Std,E23,44,Male,35
28C/Std,E23,46,Male,49
28C/Std,E23,47,Male,28
28C/Std,E23,48,Male,37
28C/Std,E23,2,Male,42
28C/Std,E23,3,Male,49
28C/Std,E23,5,Male,53
28C/Std,E23,8,Male,46
28C/Std,E23,9,Male,49
28C/Std,E23,10,Male,49
28C/Std,E23,11,Male,56
28C/Std,E23,12,Male,53
28C/Std,E23,14,Male,49
28C/Std,E23,16,Male,49
28C/Std,E23,18,Male,49
28C/Std,E23,19,Male,44
28C/Std,E23,20,Male,49
28C/Std,E23,21,Male,32
28C/Std,E23,22,Male,49
28C/Std,E23,23,Male,49
28C/Std,E23,24,Male,50
28C/Std,E23,25,Male,53
28C/Std,E23,26,Male,42
28C/Std,E23,27,Male,52
28C/Std,E23,28,Male,42
28C/Std,E23,29,Male,53
28C/Std,E23,30,Male,46
28C/Std,E23,31,Male,46
28C/Std,E23,32,Male,46
28C/Std,E23,33,Male,56
28C/Std,E23,34,Male,42
28C/Std,E23,35,Male,42
28C/Std,E23,36,Male,49
28C/Std,E23,37,Male,36
28C/Std,E23,38,Male,56
28C/Std,E23,39,Male,56
28C/Std,E23,40,Male,28
28C/Std,E23,42,Male,43
28C/Std,E23,43,Male,42
28C/Std,E23,44,Male,51
28C/Std,E23,46,Male,53
28C/Std,E23,47,Male,53
28C/Std,E23,1,Male,56
28C/Std,E23,2,Male,42
28C/Std,E23,3,Male,49
28C/Std,E23,5,Male,53
28C/Std,E23,8,Male,46
28C/Std,E23,9,Male,56
28C/Std,E23,10,Male,49
28C/Std,E23,11,Male,63
28C/Std,E23,13,Male,56
28C/Std,E23,14,Male,49
28C/Std,E23,15,Male,49
28C/Std,E23,16,Male,49
28C/Std,E23,18,Male,49
28C/Std,E23,19,Male,49
28C/Std,E23,20,Male,49
28C/Std,E23,21,Male,46
28C/Std,E23,22,Male,49
28C/Std,E23,23,Male,56
28C/Std,E23,24,Male,49
28C/Std,E23,25,Male,53
28C/Std,E23,26,Male,49
28C/Std,E23,27,Male,56
28C/Std,E23,28,Male,46
28C/Std,E23,29,Male,53
28C/Std,E23,30,Male,49
28C/Std,E23,31,Male,53
28C/Std,E23,32,Male,53
28C/Std,E23,34,Male,49
28C/Std,E23,35,Male,44
28C/Std,E23,36,Male,49
28C/Std,E23,37,Male,48
28C/Std,E23,38,Male,56
28C/Std,E23,39,Male,56
28C/Std,E23,40,Male,49
28C/Std,E23,42,Male,49
28C/Std,E23,43,Male,51
28C/Std,E23,44,Male,56
28C/Std,E23,46,Male,53
28C/Std,E23,47,Male,56
28C/Std,E23,48,Male,46
28C/Std,Eip75B,3,Female,24
28C/Std,Eip75B,4,Female,26
28C/Std,Eip75B,6,Female,31
28C/Std,Eip75B,7,Female,52
28C/Std,Eip75B,8,Female,31
28C/Std,Eip75B,10,Female,59
28C/Std,Eip75B,12,Female,48
28C/Std,Eip75B,14,Female,56
28C/Std,Eip75B,16,Female,33
28C/Std,Eip75B,18,Female,42
28C/Std,Eip75B,19,Female,41
28C/Std,Eip75B,21,Female,52
28C/Std,Eip75B,22,Female,38
28C/Std,Eip75B,23,Female,14
28C/Std,Eip75B,24,Female,31
28C/Std,Eip75B,25,Female,38
28C/Std,Eip75B,28,Female,34
28C/Std,Eip75B,31,Female,3
28C/Std,Eip75B,33,Female,54
28C/Std,Eip75B,34,Female,49
28C/Std,Eip75B,35,Female,17
28C/Std,Eip75B,36,Female,21
28C/Std,Eip75B,37,Female,25
28C/Std,Eip75B,38,Female,38
28C/Std,Eip75B,39,Female,18
28C/Std,Eip75B,40,Female,27
28C/Std,Eip75B,41,Female,56
28C/Std,Eip75B,42,Female,33
28C/Std,Eip75B,43,Female,49
28C/Std,Eip75B,44,Female,24
28C/Std,Eip75B,45,Female,31
28C/Std,Eip75B,46,Female,49
28C/Std,Eip75B,47,Female,54
28C/Std,Eip75B,48,Female,47
28C/Std,Eip75B,1,Female,48
28C/Std,Eip75B,2,Female,49
28C/Std,Eip75B,5,Female,40
28C/Std,Eip75B,7,Female,52
28C/Std,Eip75B,8,Female,59
28C/Std,Eip75B,9,Female,38
28C/Std,Eip75B,10,Female,59
28C/Std,Eip75B,11,Female,47
28C/Std,Eip75B,12,Female,52
28C/Std,Eip75B,13,Female,18
28C/Std,Eip75B,14,Female,56
28C/Std,Eip75B,15,Female,56
28C/Std,Eip75B,16,Female,52
28C/Std,Eip75B,18,Female,47
28C/Std,Eip75B,19,Female,52
28C/Std,Eip75B,21,Female,52
28C/Std,Eip75B,22,Female,52
28C/Std,Eip75B,23,Female,33
28C/Std,Eip75B,24,Female,52
28C/Std,Eip75B,25,Female,40
28C/Std,Eip75B,26,Female,56
28C/Std,Eip75B,27,Female,52
28C/Std,Eip75B,28,Female,45
28C/Std,Eip75B,29,Female,49
28C/Std,Eip75B,31,Female,59
28C/Std,Eip75B,32,Female,54
28C/Std,Eip75B,33,Female,54
28C/Std,Eip75B,34,Female,49
28C/Std,Eip75B,35,Female,52
28C/Std,Eip75B,36,Female,33
28C/Std,Eip75B,37,Female,52
28C/Std,Eip75B,38,Female,52
28C/Std,Eip75B,39,Female,31
28C/Std,Eip75B,40,Female,63
28C/Std,Eip75B,41,Female,56
28C/Std,Eip75B,42,Female,53
28C/Std,Eip75B,43,Female,52
28C/Std,Eip75B,44,Female,31
28C/Std,Eip75B,45,Female,45
28C/Std,Eip75B,46,Female,52
28C/Std,Eip75B,47,Female,56
28C/Std,Eip75B,48,Female,49
28C/Std,Eip75B,1,Female,55
28C/Std,Eip75B,2,Female,52
28C/Std,Eip75B,3,Female,52
28C/Std,Eip75B,4,Female,32
28C/Std,Eip75B,5,Female,52
28C/Std,Eip75B,6,Female,52
28C/Std,Eip75B,7,Female,56
28C/Std,Eip75B,8,Female,59
28C/Std,Eip75B,9,Female,48
28C/Std,Eip75B,10,Female,60
28C/Std,Eip75B,11,Female,56
28C/Std,Eip75B,12,Female,60
28C/Std,Eip75B,13,Female,59
28C/Std,Eip75B,14,Female,63
28C/Std,Eip75B,15,Female,59
28C/Std,Eip75B,16,Female,59
28C/Std,Eip75B,18,Female,52
28C/Std,Eip75B,19,Female,56
28C/Std,Eip75B,21,Female,59
28C/Std,Eip75B,22,Female,54
28C/Std,Eip75B,23,Female,55
28C/Std,Eip75B,24,Female,60
28C/Std,Eip75B,25,Female,52
28C/Std,Eip75B,26,Female,59
28C/Std,Eip75B,27,Female,59
28C/Std,Eip75B,28,Female,54
28C/Std,Eip75B,29,Female,54
28C/Std,Eip75B,31,Female,63
28C/Std,Eip75B,32,Female,56
28C/Std,Eip75B,33,Female,55
28C/Std,Eip75B,34,Female,52
28C/Std,Eip75B,35,Female,54
28C/Std,Eip75B,36,Female,40
28C/Std,Eip75B,37,Female,54
28C/Std,Eip75B,38,Female,52
28C/Std,Eip75B,39,Female,54
28C/Std,Eip75B,40,Female,63
28C/Std,Eip75B,41,Female,56
28C/Std,Eip75B,42,Female,59
28C/Std,Eip75B,43,Female,52
28C/Std,Eip75B,44,Female,47
28C/Std,Eip75B,45,Female,49
28C/Std,Eip75B,46,Female,59
28C/Std,Eip75B,47,Female,59
28C/Std,Eip75B,48,Female,52
28C/Std,Eip75B,4,Male,48
28C/Std,Eip75B,7,Male,52
28C/Std,Eip75B,9,Male,52
28C/Std,Eip75B,19,Male,52
28C/Std,Eip75B,20,Male,45
28C/Std,Eip75B,21,Male,33
28C/Std,Eip75B,22,Male,54
28C/Std,Eip75B,23,Male,45
28C/Std,Eip75B,25,Male,45
28C/Std,Eip75B,27,Male,49
28C/Std,Eip75B,28,Male,3
28C/Std,Eip75B,29,Male,45
28C/Std,Eip75B,30,Male,39
28C/Std,Eip75B,32,Male,3
28C/Std,Eip75B,34,Male,49
28C/Std,Eip75B,35,Male,54
28C/Std,Eip75B,36,Male,52
28C/Std,Eip75B,37,Male,28
28C/Std,Eip75B,38,Male,54
28C/Std,Eip75B,39,Male,52
28C/Std,Eip75B,40,Male,4
28C/Std,Eip75B,42,Male,38
28C/Std,Eip75B,45,Male,38
28C/Std,Eip75B,47,Male,32
28C/Std,Eip75B,48,Male,49
28C/Std,Eip75B,1,Male,52
28C/Std,Eip75B,3,Male,26
28C/Std,Eip75B,4,Male,52
28C/Std,Eip75B,7,Male,52
28C/Std,Eip75B,9,Male,56
28C/Std,Eip75B,10,Male,45
28C/Std,Eip75B,11,Male,52
28C/Std,Eip75B,12,Male,56
28C/Std,Eip75B,13,Male,45
28C/Std,Eip75B,17,Male,40
28C/Std,Eip75B,18,Male,45
28C/Std,Eip75B,19,Male,54
28C/Std,Eip75B,20,Male,52
28C/Std,Eip75B,21,Male,49
28C/Std,Eip75B,22,Male,56
28C/Std,Eip75B,23,Male,59
28C/Std,Eip75B,24,Male,47
28C/Std,Eip75B,25,Male,52
28C/Std,Eip75B,27,Male,59
28C/Std,Eip75B,28,Male,52
28C/Std,Eip75B,29,Male,54
28C/Std,Eip75B,30,Male,52
28C/Std,Eip75B,31,Male,54
28C/Std,Eip75B,32,Male,31
28C/Std,Eip75B,34,Male,49
28C/Std,Eip75B,35,Male,54
28C/Std,Eip75B,36,Male,52
28C/Std,Eip75B,37,Male,49
28C/Std,Eip75B,38,Male,59
28C/Std,Eip75B,39,Male,52
28C/Std,Eip75B,40,Male,59
28C/Std,Eip75B,41,Male,54
28C/Std,Eip75B,42,Male,54
28C/Std,Eip75B,43,Male,52
28C/Std,Eip75B,44,Male,54
28C/Std,Eip75B,45,Male,52
28C/Std,Eip75B,46,Male,52
28C/Std,Eip75B,47,Male,49
28C/Std,Eip75B,48,Male,52
28C/Std,Eip75B,1,Male,55
28C/Std,Eip75B,3,Male,52
28C/Std,Eip75B,4,Male,59
28C/Std,Eip75B,7,Male,59
28C/Std,Eip75B,9,Male,56
28C/Std,Eip75B,10,Male,52
28C/Std,Eip75B,11,Male,52
28C/Std,Eip75B,12,Male,56
28C/Std,Eip75B,13,Male,52
28C/Std,Eip75B,17,Male,40
28C/Std,Eip75B,18,Male,52
28C/Std,Eip75B,19,Male,56
28C/Std,Eip75B,20,Male,59
28C/Std,Eip75B,21,Male,52
28C/Std,Eip75B,22,Male,56
28C/Std,Eip75B,24,Male,59
28C/Std,Eip75B,25,Male,59
28C/Std,Eip75B,27,Male,59
28C/Std,Eip75B,28,Male,52
28C/Std,Eip75B,29,Male,63
28C/Std,Eip75B,30,Male,54
28C/Std,Eip75B,31,Male,56
28C/Std,Eip75B,32,Male,52
28C/Std,Eip75B,34,Male,56
28C/Std,Eip75B,35,Male,59
28C/Std,Eip75B,36,Male,54
28C/Std,Eip75B,37,Male,54
28C/Std,Eip75B,38,Male,59
28C/Std,Eip75B,39,Male,54
28C/Std,Eip75B,40,Male,59
28C/Std,Eip75B,41,Male,56
28C/Std,Eip75B,42,Male,54
28C/Std,Eip75B,43,Male,52
28C/Std,Eip75B,44,Male,59
28C/Std,Eip75B,45,Male,52
28C/Std,Eip75B,46,Male,59
28C/Std,Eip75B,48,Male,59
28C/Std,olf413,1,Female,7
28C/Std,olf413,2,Female,11
28C/Std,olf413,3,Female,35
28C/Std,olf413,4,Female,7
28C/Std,olf413,5,Female,7
28C/Std,olf413,6,Female,14
28C/Std,olf413,7,Female,4
28C/Std,olf413,8,Female,58
28C/Std,olf413,12,Female,17
28C/Std,olf413,13,Female,14
28C/Std,olf413,14,Female,43
28C/Std,olf413,15,Female,38
28C/Std,olf413,16,Female,4
28C/Std,olf413,18,Female,14
28C/Std,olf413,19,Female,7
28C/Std,olf413,20,Female,30
28C/Std,olf413,21,Female,7
28C/Std,olf413,22,Female,36
28C/Std,olf413,23,Female,22
28C/Std,olf413,25,Female,7
28C/Std,olf413,26,Female,21
28C/Std,olf413,27,Female,44
28C/Std,olf413,28,Female,4
28C/Std,olf413,29,Female,44
28C/Std,olf413,30,Female,7
28C/Std,olf413,31,Female,3
28C/Std,olf413,32,Female,4
28C/Std,olf413,33,Female,49
28C/Std,olf413,34,Female,14
28C/Std,olf413,35,Female,51
28C/Std,olf413,36,Female,28
28C/Std,olf413,37,Female,27
28C/Std,olf413,38,Female,3
28C/Std,olf413,40,Female,1
28C/Std,olf413,41,Female,3
28C/Std,olf413,42,Female,38
28C/Std,olf413,43,Female,3
28C/Std,olf413,44,Female,17
28C/Std,olf413,45,Female,6
28C/Std,olf413,46,Female,6
28C/Std,olf413,47,Female,14
28C/Std,olf413,48,Female,6
28C/Std,olf413,1,Female,42
28C/Std,olf413,2,Female,46
28C/Std,olf413,4,Female,35
28C/Std,olf413,5,Female,14
28C/Std,olf413,6,Female,25
28C/Std,olf413,7,Female,49
28C/Std,olf413,8,Female,22
28C/Std,olf413,11,Female,48
28C/Std,olf413,12,Female,23
28C/Std,olf413,13,Female,23
28C/Std,olf413,14,Female,53
28C/Std,olf413,15,Female,42
28C/Std,olf413,16,Female,39
28C/Std,olf413,19,Female,8
28C/Std,olf413,20,Female,42
28C/Std,olf413,21,Female,11
28C/Std,olf413,22,Female,37
28C/Std,olf413,23,Female,23
28C/Std,olf413,24,Female,46
28C/Std,olf413,25,Female,11
28C/Std,olf413,26,Female,7
28C/Std,olf413,28,Female,39
28C/Std,olf413,29,Female,56
28C/Std,olf413,30,Female,44
28C/Std,olf413,31,Female,44
28C/Std,olf413,32,Female,7
28C/Std,olf413,33,Female,50
28C/Std,olf413,34,Female,30
28C/Std,olf413,35,Female,56
28C/Std,olf413,36,Female,30
28C/Std,olf413,37,Female,27
28C/Std,olf413,39,Female,48
28C/Std,olf413,40,Female,6
28C/Std,olf413,41,Female,20
28C/Std,olf413,42,Female,41
28C/Std,olf413,43,Female,20
28C/Std,olf413,44,Female,36
28C/Std,olf413,45,Female,30
28C/Std,olf413,46,Female,24
28C/Std,olf413,47,Female,20
28C/Std,olf413,48,Female,15
28C/Std,olf413,1,Female,56
28C/Std,olf413,2,Female,49
28C/Std,olf413,3,Female,56
28C/Std,olf413,5,Female,14
28C/Std,olf413,6,Female,56
28C/Std,olf413,7,Female,56
28C/Std,olf413,8,Female,23
28C/Std,olf413,11,Female,59
28C/Std,olf413,13,Female,28
28C/Std,olf413,14,Female,56
28C/Std,olf413,15,Female,53
28C/Std,olf413,16,Female,56
28C/Std,olf413,18,Female,49
28C/Std,olf413,19,Female,35
28C/Std,olf413,20,Female,49
28C/Std,olf413,21,Female,42
28C/Std,olf413,22,Female,56
28C/Std,olf413,23,Female,49
28C/Std,olf413,24,Female,60
28C/Std,olf413,25,Female,31
28C/Std,olf413,26,Female,63
28C/Std,olf413,27,Female,56
28C/Std,olf413,28,Female,46
28C/Std,olf413,29,Female,56
28C/Std,olf413,30,Female,53
28C/Std,olf413,31,Female,56
28C/Std,olf413,32,Female,24
28C/Std,olf413,33,Female,60
28C/Std,olf413,34,Female,63
28C/Std,olf413,35,Female,57
28C/Std,olf413,36,Female,52
28C/Std,olf413,37,Female,51
28C/Std,olf413,38,Female,43
28C/Std,olf413,39,Female,48
28C/Std,olf413,40,Female,6
28C/Std,olf413,41,Female,52
28C/Std,olf413,42,Female,46
28C/Std,olf413,43,Female,59
28C/Std,olf413,46,Female,55
28C/Std,olf413,47,Female,44
28C/Std,olf413,48,Female,57
28C/Std,olf413,1,Male,21
28C/Std,olf413,2,Male,37
28C/Std,olf413,5,Male,46
28C/Std,olf413,6,Male,7
28C/Std,olf413,7,Male,4
28C/Std,olf413,8,Male,7
28C/Std,olf413,9,Male,39
28C/Std,olf413,13,Male,2
28C/Std,olf413,17,Male,46
28C/Std,olf413,18,Male,44
28C/Std,olf413,20,Male,42
28C/Std,olf413,21,Male,4
28C/Std,olf413,22,Male,46
28C/Std,olf413,23,Male,14
28C/Std,olf413,24,Male,53
28C/Std,olf413,25,Male,32
28C/Std,olf413,26,Male,7
28C/Std,olf413,27,Male,4
28C/Std,olf413,28,Male,4
28C/Std,olf413,30,Male,4
28C/Std,olf413,32,Male,4
28C/Std,olf413,33,Male,7
28C/Std,olf413,34,Male,7
28C/Std,olf413,35,Male,7
28C/Std,olf413,36,Male,37
28C/Std,olf413,37,Male,6
28C/Std,olf413,38,Male,30
28C/Std,olf413,39,Male,20
28C/Std,olf413,40,Male,2
28C/Std,olf413,41,Male,1
28C/Std,olf413,43,Male,13
28C/Std,olf413,44,Male,6
28C/Std,olf413,45,Male,6
28C/Std,olf413,46,Male,41
28C/Std,olf413,47,Male,6
28C/Std,olf413,48,Male,1
28C/Std,olf413,5,Male,46
28C/Std,olf413,6,Male,35
28C/Std,olf413,7,Male,21
28C/Std,olf413,8,Male,31
28C/Std,olf413,10,Male,49
28C/Std,olf413,13,Male,14
28C/Std,olf413,16,Male,42
28C/Std,olf413,17,Male,51
28C/Std,olf413,18,Male,49
28C/Std,olf413,20,Male,42
28C/Std,olf413,22,Male,49
28C/Std,olf413,23,Male,39
28C/Std,olf413,24,Male,49
28C/Std,olf413,25,Male,49
28C/Std,olf413,26,Male,7
28C/Std,olf413,27,Male,4
28C/Std,olf413,28,Male,7
28C/Std,olf413,30,Male,4
28C/Std,olf413,31,Male,39
28C/Std,olf413,32,Male,49
28C/Std,olf413,33,Male,42
28C/Std,olf413,35,Male,35
28C/Std,olf413,36,Male,49
28C/Std,olf413,38,Male,37
28C/Std,olf413,39,Male,41
28C/Std,olf413,40,Male,6
28C/Std,olf413,41,Male,14
28C/Std,olf413,42,Male,48
28C/Std,olf413,43,Male,23
28C/Std,olf413,44,Male,6
28C/Std,olf413,46,Male,41
28C/Std,olf413,47,Male,34
28C/Std,olf413,48,Male,6
28C/Std,olf413,1,Male,42
28C/Std,olf413,2,Male,14
28C/Std,olf413,5,Male,49
28C/Std,olf413,7,Male,22
28C/Std,olf413,8,Male,35
28C/Std,olf413,9,Male,49
28C/Std,olf413,10,Male,56
28C/Std,olf413,13,Male,49
28C/Std,olf413,16,Male,46
28C/Std,olf413,17,Male,53
28C/Std,olf413,18,Male,56
28C/Std,olf413,21,Male,51
28C/Std,olf413,23,Male,46
28C/Std,olf413,24,Male,51
28C/Std,olf413,25,Male,52
28C/Std,olf413,28,Male,14
28C/Std,olf413,31,Male,49
28C/Std,olf413,32,Male,53
28C/Std,olf413,33,Male,44
28C/Std,olf413,34,Male,37
28C/Std,olf413,35,Male,44
28C/Std,olf413,36,Male,53
28C/Std,olf413,37,Male,45
28C/Std,olf413,38,Male,41
28C/Std,olf413,39,Male,44
28C/Std,olf413,40,Male,34
28C/Std,olf413,41,Male,59
28C/Std,olf413,42,Male,52
28C/Std,olf413,43,Male,27
28C/Std,olf413,44,Male,14
28C/Std,olf413,45,Male,20
28C/Std,olf413,48,Male,27
28C/Std,PGRP-LA,3,Female,21
28C/Std,PGRP-LA,4,Female,18
28C/Std,PGRP-LA,5,Female,17
28C/Std,PGRP-LA,7,Female,42
28C/Std,PGRP-LA,10,Female,14
28C/Std,PGRP-LA,11,Female,29
28C/Std,PGRP-LA,12,Female,35
28C/Std,PGRP-LA,14,Female,2
28C/Std,PGRP-LA,17,Female,56
28C/Std,PGRP-LA,19,Female,47
28C/Std,PGRP-LA,20,Female,1
28C/Std,PGRP-LA,22,Female,7
28C/Std,PGRP-LA,24,Female,11
28C/Std,PGRP-LA,25,Female,28
28C/Std,PGRP-LA,26,Female,42
28C/Std,PGRP-LA,27,Female,18
28C/Std,PGRP-LA,28,Female,21
28C/Std,PGRP-LA,29,Female,11
28C/Std,PGRP-LA,30,Female,44
28C/Std,PGRP-LA,31,Female,28
28C/Std,PGRP-LA,32,Female,30
28C/Std,PGRP-LA,33,Female,49
28C/Std,PGRP-LA,34,Female,35
28C/Std,PGRP-LA,35,Female,7
28C/Std,PGRP-LA,36,Female,49
28C/Std,PGRP-LA,37,Female,28
28C/Std,PGRP-LA,38,Female,28
28C/Std,PGRP-LA,39,Female,28
28C/Std,PGRP-LA,40,Female,10
28C/Std,PGRP-LA,41,Female,21
28C/Std,PGRP-LA,42,Female,46
28C/Std,PGRP-LA,44,Female,35
28C/Std,PGRP-LA,45,Female,23
28C/Std,PGRP-LA,46,Female,53
28C/Std,PGRP-LA,47,Female,28
28C/Std,PGRP-LA,48,Female,42
28C/Std,PGRP-LA,1,Female,42
28C/Std,PGRP-LA,3,Female,23
28C/Std,PGRP-LA,4,Female,53
28C/Std,PGRP-LA,5,Female,58
28C/Std,PGRP-LA,6,Female,45
28C/Std,PGRP-LA,7,Female,46
28C/Std,PGRP-LA,9,Female,63
28C/Std,PGRP-LA,11,Female,35
28C/Std,PGRP-LA,12,Female,49
28C/Std,PGRP-LA,14,Female,7
28C/Std,PGRP-LA,15,Female,56
28C/Std,PGRP-LA,17,Female,56
28C/Std,PGRP-LA,18,Female,42
28C/Std,PGRP-LA,19,Female,56
28C/Std,PGRP-LA,20,Female,56
28C/Std,PGRP-LA,21,Female,42
28C/Std,PGRP-LA,22,Female,28
28C/Std,PGRP-LA,23,Female,36
28C/Std,PGRP-LA,24,Female,35
28C/Std,PGRP-LA,26,Female,49
28C/Std,PGRP-LA,27,Female,28
28C/Std,PGRP-LA,28,Female,56
28C/Std,PGRP-LA,29,Female,42
28C/Std,PGRP-LA,30,Female,53
28C/Std,PGRP-LA,31,Female,53
28C/Std,PGRP-LA,32,Female,30
28C/Std,PGRP-LA,33,Female,49
28C/Std,PGRP-LA,34,Female,49
28C/Std,PGRP-LA,35,Female,23
28C/Std,PGRP-LA,36,Female,53
28C/Std,PGRP-LA,37,Female,32
28C/Std,PGRP-LA,38,Female,46
28C/Std,PGRP-LA,40,Female,56
28C/Std,PGRP-LA,41,Female,43
28C/Std,PGRP-LA,42,Female,56
28C/Std,PGRP-LA,44,Female,56
28C/Std,PGRP-LA,45,Female,51
28C/Std,PGRP-LA,46,Female,56
28C/Std,PGRP-LA,47,Female,51
28C/Std,PGRP-LA,48,Female,49
28C/Std,PGRP-LA,1,Female,56
28C/Std,PGRP-LA,3,Female,53
28C/Std,PGRP-LA,4,Female,60
28C/Std,PGRP-LA,6,Female,49
28C/Std,PGRP-LA,7,Female,60
28C/Std,PGRP-LA,9,Female,63
28C/Std,PGRP-LA,10,Female,56
28C/Std,PGRP-LA,11,Female,49
28C/Std,PGRP-LA,12,Female,51
28C/Std,PGRP-LA,15,Female,60
28C/Std,PGRP-LA,17,Female,58
28C/Std,PGRP-LA,18,Female,58
28C/Std,PGRP-LA,20,Female,60
28C/Std,PGRP-LA,21,Female,60
28C/Std,PGRP-LA,22,Female,56
28C/Std,PGRP-LA,23,Female,44
28C/Std,PGRP-LA,24,Female,39
28C/Std,PGRP-LA,25,Female,57
28C/Std,PGRP-LA,26,Female,58
28C/Std,PGRP-LA,27,Female,60
28C/Std,PGRP-LA,28,Female,56
28C/Std,PGRP-LA,29,Female,49
28C/Std,PGRP-LA,30,Female,56
28C/Std,PGRP-LA,31,Female,58
28C/Std,PGRP-LA,33,Female,56
28C/Std,PGRP-LA,34,Female,56
28C/Std,PGRP-LA,35,Female,28
28C/Std,PGRP-LA,36,Female,58
28C/Std,PGRP-LA,37,Female,46
28C/Std,PGRP-LA,38,Female,53
28C/Std,PGRP-LA,39,Female,60
28C/Std,PGRP-LA,40,Female,63
28C/Std,PGRP-LA,41,Female,46
28C/Std,PGRP-LA,42,Female,56
28C/Std,PGRP-LA,44,Female,60
28C/Std,PGRP-LA,45,Female,56
28C/Std,PGRP-LA,46,Female,63
28C/Std,PGRP-LA,47,Female,58
28C/Std,PGRP-LA,48,Female,49
28C/Std,PGRP-LA,3,Male,50
28C/Std,PGRP-LA,7,Male,7
28C/Std,PGRP-LA,8,Male,53
28C/Std,PGRP-LA,10,Male,30
28C/Std,PGRP-LA,15,Male,1
28C/Std,PGRP-LA,17,Male,1
28C/Std,PGRP-LA,18,Male,1
28C/Std,PGRP-LA,19,Male,32
28C/Std,PGRP-LA,20,Male,1
28C/Std,PGRP-LA,21,Male,32
28C/Std,PGRP-LA,22,Male,53
28C/Std,PGRP-LA,23,Male,49
28C/Std,PGRP-LA,24,Male,30
28C/Std,PGRP-LA,25,Male,4
28C/Std,PGRP-LA,26,Male,1
28C/Std,PGRP-LA,27,Male,49
28C/Std,PGRP-LA,29,Male,42
28C/Std,PGRP-LA,30,Male,42
28C/Std,PGRP-LA,31,Male,1
28C/Std,PGRP-LA,32,Male,32
28C/Std,PGRP-LA,33,Male,29
28C/Std,PGRP-LA,34,Male,42
28C/Std,PGRP-LA,35,Male,46
28C/Std,PGRP-LA,36,Male,43
28C/Std,PGRP-LA,37,Male,53
28C/Std,PGRP-LA,38,Male,42
28C/Std,PGRP-LA,40,Male,1
28C/Std,PGRP-LA,41,Male,56
28C/Std,PGRP-LA,42,Male,46
28C/Std,PGRP-LA,44,Male,46
28C/Std,PGRP-LA,45,Male,32
28C/Std,PGRP-LA,46,Male,1
28C/Std,PGRP-LA,47,Male,1
28C/Std,PGRP-LA,48,Male,1
28C/Std,PGRP-LA,3,Male,51
28C/Std,PGRP-LA,4,Male,49
28C/Std,PGRP-LA,5,Male,53
28C/Std,PGRP-LA,6,Male,44
28C/Std,PGRP-LA,7,Male,10
28C/Std,PGRP-LA,8,Male,56
28C/Std,PGRP-LA,11,Male,35
28C/Std,PGRP-LA,13,Male,42
28C/Std,PGRP-LA,16,Male,53
28C/Std,PGRP-LA,17,Male,36
28C/Std,PGRP-LA,18,Male,49
28C/Std,PGRP-LA,19,Male,56
28C/Std,PGRP-LA,20,Male,25
28C/Std,PGRP-LA,21,Male,37
28C/Std,PGRP-LA,22,Male,56
28C/Std,PGRP-LA,23,Male,53
28C/Std,PGRP-LA,25,Male,7
28C/Std,PGRP-LA,26,Male,46
28C/Std,PGRP-LA,27,Male,56
28C/Std,PGRP-LA,28,Male,42
28C/Std,PGRP-LA,30,Male,44
28C/Std,PGRP-LA,31,Male,42
28C/Std,PGRP-LA,32,Male,56
28C/Std,PGRP-LA,33,Male,53
28C/Std,PGRP-LA,34,Male,46
28C/Std,PGRP-LA,35,Male,46
28C/Std,PGRP-LA,36,Male,49
28C/Std,PGRP-LA,37,Male,53
28C/Std,PGRP-LA,38,Male,42
28C/Std,PGRP-LA,40,Male,1
28C/Std,PGRP-LA,41,Male,56
28C/Std,PGRP-LA,44,Male,49
28C/Std,PGRP-LA,45,Male,49
28C/Std,PGRP-LA,46,Male,39
28C/Std,PGRP-LA,47,Male,28
28C/Std,PGRP-LA,48,Male,49
28C/Std,PGRP-LA,3,Male,58
28C/Std,PGRP-LA,4,Male,44
28C/Std,PGRP-LA,5,Male,53
28C/Std,PGRP-LA,6,Male,51
28C/Std,PGRP-LA,7,Male,42
28C/Std,PGRP-LA,8,Male,56
28C/Std,PGRP-LA,10,Male,46
28C/Std,PGRP-LA,11,Male,56
28C/Std,PGRP-LA,13,Male,42
28C/Std,PGRP-LA,15,Male,35
28C/Std,PGRP-LA,16,Male,56
28C/Std,PGRP-LA,17,Male,53
28C/Std,PGRP-LA,19,Male,56
28C/Std,PGRP-LA,20,Male,42
28C/Std,PGRP-LA,21,Male,42
28C/Std,PGRP-LA,22,Male,57
28C/Std,PGRP-LA,23,Male,60
28C/Std,PGRP-LA,24,Male,42
28C/Std,PGRP-LA,25,Male,49
28C/Std,PGRP-LA,26,Male,56
28C/Std,PGRP-LA,27,Male,56
28C/Std,PGRP-LA,28,Male,53
28C/Std,PGRP-LA,29,Male,56
28C/Std,PGRP-LA,30,Male,56
28C/Std,PGRP-LA,31,Male,46
28C/Std,PGRP-LA,32,Male,63
28C/Std,PGRP-LA,33,Male,56
28C/Std,PGRP-LA,34,Male,49
28C/Std,PGRP-LA,35,Male,56
28C/Std,PGRP-LA,36,Male,51
28C/Std,PGRP-LA,37,Male,53
28C/Std,PGRP-LA,38,Male,43
28C/Std,PGRP-LA,40,Male,1
28C/Std,PGRP-LA,42,Male,49
28C/Std,PGRP-LA,44,Male,49
28C/Std,PGRP-LA,45,Male,56
28C/Std,PGRP-LA,46,Male,46
28C/Std,PGRP-LA,48,Male,56
28C/Std,PGRP-LC,1,Female,7
28C/Std,PGRP-LC,2,Female,7
28C/Std,PGRP-LC,3,Female,7
28C/Std,PGRP-LC,4,Female,21
28C/Std,PGRP-LC,7,Female,17
28C/Std,PGRP-LC,8,Female,27
28C/Std,PGRP-LC,9,Female,7
28C/Std,PGRP-LC,12,Female,23
28C/Std,PGRP-LC,15,Female,4
28C/Std,PGRP-LC,16,Female,35
28C/Std,PGRP-LC,17,Female,22
28C/Std,PGRP-LC,18,Female,4
28C/Std,PGRP-LC,19,Female,7
28C/Std,PGRP-LC,20,Female,15
28C/Std,PGRP-LC,21,Female,11
28C/Std,PGRP-LC,22,Female,24
28C/Std,PGRP-LC,24,Female,7
28C/Std,PGRP-LC,25,Female,46
28C/Std,PGRP-LC,27,Female,31
28C/Std,PGRP-LC,28,Female,7
28C/Std,PGRP-LC,29,Female,21
28C/Std,PGRP-LC,30,Female,14
28C/Std,PGRP-LC,31,Female,42
28C/Std,PGRP-LC,32,Female,14
28C/Std,PGRP-LC,33,Female,17
28C/Std,PGRP-LC,34,Female,32
28C/Std,PGRP-LC,35,Female,15
28C/Std,PGRP-LC,36,Female,42
28C/Std,PGRP-LC,37,Female,35
28C/Std,PGRP-LC,38,Female,37
28C/Std,PGRP-LC,39,Female,30
28C/Std,PGRP-LC,40,Female,11
28C/Std,PGRP-LC,41,Female,42
28C/Std,PGRP-LC,42,Female,23
28C/Std,PGRP-LC,43,Female,14
28C/Std,PGRP-LC,46,Female,21
28C/Std,PGRP-LC,47,Female,15
28C/Std,PGRP-LC,48,Female,30
28C/Std,PGRP-LC,1,Female,7
28C/Std,PGRP-LC,2,Female,17
28C/Std,PGRP-LC,3,Female,21
28C/Std,PGRP-LC,4,Female,35
28C/Std,PGRP-LC,5,Female,49
28C/Std,PGRP-LC,7,Female,23
28C/Std,PGRP-LC,9,Female,21
28C/Std,PGRP-LC,12,Female,52
28C/Std,PGRP-LC,13,Female,42
28C/Std,PGRP-LC,15,Female,8
28C/Std,PGRP-LC,16,Female,49
28C/Std,PGRP-LC,17,Female,35
28C/Std,PGRP-LC,18,Female,7
28C/Std,PGRP-LC,19,Female,7
28C/Std,PGRP-LC,20,Female,21
28C/Std,PGRP-LC,21,Female,21
28C/Std,PGRP-LC,23,Female,14
28C/Std,PGRP-LC,24,Female,21
28C/Std,PGRP-LC,25,Female,51
28C/Std,PGRP-LC,26,Female,21
28C/Std,PGRP-LC,27,Female,35
28C/Std,PGRP-LC,29,Female,22
28C/Std,PGRP-LC,30,Female,30
28C/Std,PGRP-LC,31,Female,46
28C/Std,PGRP-LC,32,Female,25
28C/Std,PGRP-LC,33,Female,39
28C/Std,PGRP-LC,34,Female,43
28C/Std,PGRP-LC,35,Female,49
28C/Std,PGRP-LC,36,Female,49
28C/Std,PGRP-LC,37,Female,37
28C/Std,PGRP-LC,38,Female,43
28C/Std,PGRP-LC,40,Female,25
28C/Std,PGRP-LC,41,Female,49
28C/Std,PGRP-LC,42,Female,35
28C/Std,PGRP-LC,43,Female,22
28C/Std,PGRP-LC,44,Female,52
28C/Std,PGRP-LC,46,Female,30
28C/Std,PGRP-LC,47,Female,49
28C/Std,PGRP-LC,48,Female,46
28C/Std,PGRP-LC,1,Female,32
28C/Std,PGRP-LC,2,Female,49
28C/Std,PGRP-LC,3,Female,23
28C/Std,PGRP-LC,4,Female,39
28C/Std,PGRP-LC,5,Female,53
28C/Std,PGRP-LC,7,Female,35
28C/Std,PGRP-LC,8,Female,45
28C/Std,PGRP-LC,9,Female,44
28C/Std,PGRP-LC,12,Female,53
28C/Std,PGRP-LC,13,Female,49
28C/Std,PGRP-LC,15,Female,14
28C/Std,PGRP-LC,16,Female,49
28C/Std,PGRP-LC,17,Female,56
28C/Std,PGRP-LC,18,Female,30
28C/Std,PGRP-LC,19,Female,25
28C/Std,PGRP-LC,20,Female,42
28C/Std,PGRP-LC,21,Female,32
28C/Std,PGRP-LC,22,Female,50
28C/Std,PGRP-LC,23,Female,28
28C/Std,PGRP-LC,24,Female,28
28C/Std,PGRP-LC,25,Female,53
28C/Std,PGRP-LC,26,Female,32
28C/Std,PGRP-LC,27,Female,42
28C/Std,PGRP-LC,28,Female,46
28C/Std,PGRP-LC,29,Female,52
28C/Std,PGRP-LC,30,Female,45
28C/Std,PGRP-LC,31,Female,49
28C/Std,PGRP-LC,32,Female,56
28C/Std,PGRP-LC,33,Female,49
28C/Std,PGRP-LC,34,Female,51
28C/Std,PGRP-LC,35,Female,49
28C/Std,PGRP-LC,36,Female,51
28C/Std,PGRP-LC,37,Female,39
28C/Std,PGRP-LC,39,Female,51
28C/Std,PGRP-LC,40,Female,49
28C/Std,PGRP-LC,42,Female,45
28C/Std,PGRP-LC,43,Female,56
28C/Std,PGRP-LC,44,Female,56
28C/Std,PGRP-LC,46,Female,44
28C/Std,PGRP-LC,47,Female,56
28C/Std,PGRP-LC,1,Male,32
28C/Std,PGRP-LC,2,Male,3
28C/Std,PGRP-LC,3,Male,2
28C/Std,PGRP-LC,4,Male,7
28C/Std,PGRP-LC,5,Male,7
28C/Std,PGRP-LC,6,Male,37
28C/Std,PGRP-LC,10,Male,49
28C/Std,PGRP-LC,11,Male,7
28C/Std,PGRP-LC,12,Male,7
28C/Std,PGRP-LC,14,Male,14
28C/Std,PGRP-LC,18,Male,7
28C/Std,PGRP-LC,19,Male,2
28C/Std,PGRP-LC,20,Male,14
28C/Std,PGRP-LC,21,Male,44
28C/Std,PGRP-LC,22,Male,39
28C/Std,PGRP-LC,23,Male,4
28C/Std,PGRP-LC,24,Male,7
28C/Std,PGRP-LC,25,Male,37
28C/Std,PGRP-LC,26,Male,7
28C/Std,PGRP-LC,27,Male,3
28C/Std,PGRP-LC,28,Male,44
28C/Std,PGRP-LC,29,Male,4
28C/Std,PGRP-LC,30,Male,4
28C/Std,PGRP-LC,31,Male,2
28C/Std,PGRP-LC,32,Male,28
28C/Std,PGRP-LC,33,Male,37
28C/Std,PGRP-LC,34,Male,11
28C/Std,PGRP-LC,35,Male,7
28C/Std,PGRP-LC,36,Male,3
28C/Std,PGRP-LC,37,Male,21
28C/Std,PGRP-LC,38,Male,8
28C/Std,PGRP-LC,39,Male,7
28C/Std,PGRP-LC,40,Male,51
28C/Std,PGRP-LC,41,Male,2
28C/Std,PGRP-LC,42,Male,22
28C/Std,PGRP-LC,44,Male,2
28C/Std,PGRP-LC,45,Male,7
28C/Std,PGRP-LC,46,Male,9
28C/Std,PGRP-LC,47,Male,49
28C/Std,PGRP-LC,2,Male,7
28C/Std,PGRP-LC,3,Male,7
28C/Std,PGRP-LC,4,Male,28
28C/Std,PGRP-LC,5,Male,7
28C/Std,PGRP-LC,6,Male,49
28C/Std,PGRP-LC,7,Male,46
28C/Std,PGRP-LC,9,Male,46
28C/Std,PGRP-LC,10,Male,51
28C/Std,PGRP-LC,12,Male,39
28C/Std,PGRP-LC,13,Male,7
28C/Std,PGRP-LC,14,Male,46
28C/Std,PGRP-LC,16,Male,46
28C/Std,PGRP-LC,17,Male,7
28C/Std,PGRP-LC,18,Male,7
28C/Std,PGRP-LC,19,Male,44
28C/Std,PGRP-LC,20,Male,46
28C/Std,PGRP-LC,21,Male,53
28C/Std,PGRP-LC,22,Male,46
28C/Std,PGRP-LC,23,Male,49
28C/Std,PGRP-LC,25,Male,37
28C/Std,PGRP-LC,26,Male,7
28C/Std,PGRP-LC,27,Male,4
28C/Std,PGRP-LC,28,Male,44
28C/Std,PGRP-LC,29,Male,7
28C/Std,PGRP-LC,30,Male,37
28C/Std,PGRP-LC,31,Male,28
28C/Std,PGRP-LC,32,Male,32
28C/Std,PGRP-LC,33,Male,53
28C/Std,PGRP-LC,34,Male,56
28C/Std,PGRP-LC,35,Male,28
28C/Std,PGRP-LC,36,Male,14
28C/Std,PGRP-LC,37,Male,37
28C/Std,PGRP-LC,38,Male,53
28C/Std,PGRP-LC,39,Male,35
28C/Std,PGRP-LC,40,Male,53
28C/Std,PGRP-LC,41,Male,4
28C/Std,PGRP-LC,42,Male,42
28C/Std,PGRP-LC,44,Male,14
28C/Std,PGRP-LC,45,Male,53
28C/Std,PGRP-LC,47,Male,56
28C/Std,PGRP-LC,1,Male,46
28C/Std,PGRP-LC,2,Male,44
28C/Std,PGRP-LC,3,Male,46
28C/Std,PGRP-LC,4,Male,46
28C/Std,PGRP-LC,5,Male,35
28C/Std,PGRP-LC,6,Male,56
28C/Std,PGRP-LC,7,Male,56
28C/Std,PGRP-LC,9,Male,52
28C/Std,PGRP-LC,10,Male,56
28C/Std,PGRP-LC,11,Male,49
28C/Std,PGRP-LC,13,Male,32
28C/Std,PGRP-LC,16,Male,49
28C/Std,PGRP-LC,17,Male,49
28C/Std,PGRP-LC,18,Male,23
28C/Std,PGRP-LC,19,Male,49
28C/Std,PGRP-LC,21,Male,58
28C/Std,PGRP-LC,22,Male,56
28C/Std,PGRP-LC,23,Male,56
28C/Std,PGRP-LC,24,Male,56
28C/Std,PGRP-LC,25,Male,49
28C/Std,PGRP-LC,26,Male,30
28C/Std,PGRP-LC,27,Male,37
28C/Std,PGRP-LC,28,Male,46
28C/Std,PGRP-LC,29,Male,46
28C/Std,PGRP-LC,30,Male,44
28C/Std,PGRP-LC,31,Male,46
28C/Std,PGRP-LC,32,Male,32
28C/Std,PGRP-LC,36,Male,37
28C/Std,PGRP-LC,38,Male,56
28C/Std,PGRP-LC,39,Male,46
28C/Std,PGRP-LC,40,Male,56
28C/Std,PGRP-LC,41,Male,28
28C/Std,PGRP-LC,42,Male,46
28C/Std,PGRP-LC,44,Male,21
28C/Std,PGRP-LC,46,Male,46
28C/Std,Rdl,8,Female,34
28C/Std,Rdl,11,Female,12
28C/Std,Rdl,12,Female,30
28C/Std,Rdl,13,Female,48
28C/Std,Rdl,15,Female,22
28C/Std,Rdl,16,Female,48
28C/Std,Rdl,17,Female,20
28C/Std,Rdl,19,Female,41
28C/Std,Rdl,21,Female,49
28C/Std,Rdl,22,Female,21
28C/Std,Rdl,23,Female,61
28C/Std,Rdl,25,Female,47
28C/Std,Rdl,27,Female,54
28C/Std,Rdl,28,Female,47
28C/Std,Rdl,29,Female,33
28C/Std,Rdl,30,Female,22
28C/Std,Rdl,31,Female,44
28C/Std,Rdl,33,Female,30
28C/Std,Rdl,34,Female,26
28C/Std,Rdl,35,Female,37
28C/Std,Rdl,36,Female,48
28C/Std,Rdl,37,Female,51
28C/Std,Rdl,38,Female,51
28C/Std,Rdl,39,Female,54
28C/Std,Rdl,40,Female,33
28C/Std,Rdl,41,Female,35
28C/Std,Rdl,42,Female,45
28C/Std,Rdl,43,Female,50
28C/Std,Rdl,44,Female,47
28C/Std,Rdl,45,Female,19
28C/Std,Rdl,46,Female,51
28C/Std,Rdl,47,Female,50
28C/Std,Rdl,48,Female,19
28C/Std,Rdl,2,Female,54
28C/Std,Rdl,5,Female,49
28C/Std,Rdl,6,Female,56
28C/Std,Rdl,7,Female,48
28C/Std,Rdl,9,Female,54
28C/Std,Rdl,11,Female,54
28C/Std,Rdl,12,Female,44
28C/Std,Rdl,13,Female,54
28C/Std,Rdl,14,Female,61
28C/Std,Rdl,15,Female,54
28C/Std,Rdl,16,Female,52
28C/Std,Rdl,17,Female,58
28C/Std,Rdl,18,Female,42
28C/Std,Rdl,19,Female,47
28C/Std,Rdl,21,Female,49
28C/Std,Rdl,22,Female,23
28C/Std,Rdl,23,Female,65
28C/Std,Rdl,25,Female,49
28C/Std,Rdl,26,Female,26
28C/Std,Rdl,27,Female,54
28C/Std,Rdl,28,Female,54
28C/Std,Rdl,29,Female,51
28C/Std,Rdl,30,Female,23
28C/Std,Rdl,31,Female,49
28C/Std,Rdl,32,Female,19
28C/Std,Rdl,33,Female,47
28C/Std,Rdl,34,Female,27
28C/Std,Rdl,35,Female,40
28C/Std,Rdl,36,Female,51
28C/Std,Rdl,38,Female,54
28C/Std,Rdl,39,Female,54
28C/Std,Rdl,40,Female,54
28C/Std,Rdl,41,Female,41
28C/Std,Rdl,42,Female,51
28C/Std,Rdl,43,Female,54
28C/Std,Rdl,44,Female,54
28C/Std,Rdl,45,Female,54
28C/Std,Rdl,46,Female,54
28C/Std,Rdl,47,Female,54
28C/Std,Rdl,48,Female,27
28C/Std,Rdl,2,Female,54
28C/Std,Rdl,5,Female,65
28C/Std,Rdl,6,Female,58
28C/Std,Rdl,7,Female,55
28C/Std,Rdl,8,Female,54
28C/Std,Rdl,9,Female,56
28C/Std,Rdl,11,Female,55
28C/Std,Rdl,12,Female,47
28C/Std,Rdl,13,Female,54
28C/Std,Rdl,14,Female,61
28C/Std,Rdl,15,Female,58
28C/Std,Rdl,16,Female,56
28C/Std,Rdl,17,Female,58
28C/Std,Rdl,18,Female,54
28C/Std,Rdl,19,Female,56
28C/Std,Rdl,21,Female,51
28C/Std,Rdl,22,Female,56
28C/Std,Rdl,23,Female,65
28C/Std,Rdl,25,Female,54
28C/Std,Rdl,26,Female,49
28C/Std,Rdl,27,Female,54
28C/Std,Rdl,28,Female,61
28C/Std,Rdl,29,Female,54
28C/Std,Rdl,30,Female,35
28C/Std,Rdl,31,Female,54
28C/Std,Rdl,32,Female,57
28C/Std,Rdl,33,Female,51
28C/Std,Rdl,34,Female,58
28C/Std,Rdl,35,Female,51
28C/Std,Rdl,36,Female,54
28C/Std,Rdl,37,Female,54
28C/Std,Rdl,38,Female,58
28C/Std,Rdl,39,Female,54
28C/Std,Rdl,40,Female,54
28C/Std,Rdl,41,Female,54
28C/Std,Rdl,42,Female,58
28C/Std,Rdl,43,Female,54
28C/Std,Rdl,45,Female,61
28C/Std,Rdl,46,Female,56
28C/Std,Rdl,47,Female,56
28C/Std,Rdl,48,Female,58
28C/Std,Rdl,1,Male,28
28C/Std,Rdl,2,Male,47
28C/Std,Rdl,4,Male,27
28C/Std,Rdl,5,Male,21
28C/Std,Rdl,6,Male,54
28C/Std,Rdl,12,Male,51
28C/Std,Rdl,15,Male,51
28C/Std,Rdl,17,Male,2
28C/Std,Rdl,18,Male,58
28C/Std,Rdl,19,Male,54
28C/Std,Rdl,20,Male,54
28C/Std,Rdl,21,Male,40
28C/Std,Rdl,22,Male,54
28C/Std,Rdl,26,Male,54
28C/Std,Rdl,27,Male,51
28C/Std,Rdl,28,Male,54
28C/Std,Rdl,29,Male,49
28C/Std,Rdl,31,Male,47
28C/Std,Rdl,32,Male,16
28C/Std,Rdl,33,Male,54
28C/Std,Rdl,34,Male,40
28C/Std,Rdl,35,Male,49
28C/Std,Rdl,36,Male,51
28C/Std,Rdl,37,Male,54
28C/Std,Rdl,38,Male,56
28C/Std,Rdl,39,Male,49
28C/Std,Rdl,41,Male,54
28C/Std,Rdl,43,Male,51
28C/Std,Rdl,44,Male,54
28C/Std,Rdl,45,Male,54
28C/Std,Rdl,46,Male,56
28C/Std,Rdl,47,Male,51
28C/Std,Rdl,48,Male,26
28C/Std,Rdl,1,Male,47
28C/Std,Rdl,2,Male,54
28C/Std,Rdl,4,Male,54
28C/Std,Rdl,6,Male,54
28C/Std,Rdl,7,Male,50
28C/Std,Rdl,8,Male,58
28C/Std,Rdl,9,Male,58
28C/Std,Rdl,12,Male,54
28C/Std,Rdl,13,Male,47
28C/Std,Rdl,14,Male,40
28C/Std,Rdl,15,Male,56
28C/Std,Rdl,16,Male,54
28C/Std,Rdl,18,Male,61
28C/Std,Rdl,19,Male,56
28C/Std,Rdl,20,Male,58
28C/Std,Rdl,21,Male,54
28C/Std,Rdl,22,Male,54
28C/Std,Rdl,24,Male,54
28C/Std,Rdl,25,Male,54
28C/Std,Rdl,26,Male,61
28C/Std,Rdl,27,Male,58
28C/Std,Rdl,28,Male,58
28C/Std,Rdl,29,Male,51
28C/Std,Rdl,30,Male,40
28C/Std,Rdl,31,Male,58
28C/Std,Rdl,32,Male,54
28C/Std,Rdl,33,Male,58
28C/Std,Rdl,34,Male,54
28C/Std,Rdl,35,Male,54
28C/Std,Rdl,36,Male,54
28C/Std,Rdl,37,Male,54
28C/Std,Rdl,38,Male,61
28C/Std,Rdl,39,Male,54
28C/Std,Rdl,40,Male,54
28C/Std,Rdl,41,Male,54
28C/Std,Rdl,42,Male,54
28C/Std,Rdl,43,Male,54
28C/Std,Rdl,44,Male,61
28C/Std,Rdl,45,Male,54
28C/Std,Rdl,46,Male,56
28C/Std,Rdl,47,Male,54
28C/Std,Rdl,48,Male,51
28C/Std,Rdl,1,Male,54
28C/Std,Rdl,5,Male,49
28C/Std,Rdl,6,Male,56
28C/Std,Rdl,7,Male,50
28C/Std,Rdl,8,Male,61
28C/Std,Rdl,9,Male,61
28C/Std,Rdl,12,Male,61
28C/Std,Rdl,13,Male,58
28C/Std,Rdl,14,Male,49
28C/Std,Rdl,15,Male,58
28C/Std,Rdl,16,Male,54
28C/Std,Rdl,17,Male,58
28C/Std,Rdl,18,Male,61
28C/Std,Rdl,19,Male,58
28C/Std,Rdl,20,Male,61
28C/Std,Rdl,21,Male,63
28C/Std,Rdl,22,Male,61
28C/Std,Rdl,24,Male,61
28C/Std,Rdl,25,Male,54
28C/Std,Rdl,26,Male,61
28C/Std,Rdl,27,Male,58
28C/Std,Rdl,28,Male,61
28C/Std,Rdl,29,Male,56
28C/Std,Rdl,30,Male,61
28C/Std,Rdl,31,Male,61
28C/Std,Rdl,32,Male,54
28C/Std,Rdl,33,Male,61
28C/Std,Rdl,34,Male,61
28C/Std,Rdl,35,Male,61
28C/Std,Rdl,36,Male,58
28C/Std,Rdl,37,Male,58
28C/Std,Rdl,38,Male,61
28C/Std,Rdl,39,Male,54
28C/Std,Rdl,40,Male,54
28C/Std,Rdl,41,Male,58
28C/Std,Rdl,42,Male,61
28C/Std,Rdl,43,Male,58
28C/Std,Rdl,44,Male,61
28C/Std,Rdl,45,Male,54
28C/Std,Rdl,46,Male,56
28C/Std,Rdl,47,Male,61
28C/Std,Rdl,48,Male,54
28C/Std,Tou,1,Female,31
28C/Std,Tou,3,Female,12
28C/Std,Tou,5,Female,10
28C/Std,Tou,6,Female,10
28C/Std,Tou,8,Female,24
28C/Std,Tou,10,Female,10
28C/Std,Tou,11,Female,24
28C/Std,Tou,16,Female,4
28C/Std,Tou,17,Female,12
28C/Std,Tou,18,Female,25
28C/Std,Tou,19,Female,26
28C/Std,Tou,20,Female,12
28C/Std,Tou,21,Female,10
28C/Std,Tou,22,Female,26
28C/Std,Tou,23,Female,24
28C/Std,Tou,27,Female,10
28C/Std,Tou,28,Female,13
28C/Std,Tou,29,Female,31
28C/Std,Tou,30,Female,28
28C/Std,Tou,31,Female,21
28C/Std,Tou,32,Female,42
28C/Std,Tou,33,Female,17
28C/Std,Tou,34,Female,52
28C/Std,Tou,35,Female,33
28C/Std,Tou,36,Female,33
28C/Std,Tou,37,Female,21
28C/Std,Tou,38,Female,47
28C/Std,Tou,39,Female,10
28C/Std,Tou,40,Female,11
28C/Std,Tou,41,Female,17
28C/Std,Tou,42,Female,46
28C/Std,Tou,43,Female,24
28C/Std,Tou,44,Female,17
28C/Std,Tou,45,Female,17
28C/Std,Tou,46,Female,24
28C/Std,Tou,47,Female,31
28C/Std,Tou,48,Female,19
28C/Std,Tou,1,Female,32
28C/Std,Tou,3,Female,49
28C/Std,Tou,5,Female,49
28C/Std,Tou,8,Female,41
28C/Std,Tou,9,Female,56
28C/Std,Tou,10,Female,42
28C/Std,Tou,11,Female,31
28C/Std,Tou,13,Female,17
28C/Std,Tou,14,Female,38
28C/Std,Tou,17,Female,53
28C/Std,Tou,18,Female,45
28C/Std,Tou,19,Female,26
28C/Std,Tou,20,Female,54
28C/Std,Tou,21,Female,17
28C/Std,Tou,22,Female,33
28C/Std,Tou,23,Female,48
28C/Std,Tou,26,Female,31
28C/Std,Tou,28,Female,31
28C/Std,Tou,29,Female,47
28C/Std,Tou,30,Female,31
28C/Std,Tou,31,Female,40
28C/Std,Tou,32,Female,49
28C/Std,Tou,33,Female,52
28C/Std,Tou,34,Female,53
28C/Std,Tou,35,Female,54
28C/Std,Tou,36,Female,45
28C/Std,Tou,37,Female,26
28C/Std,Tou,38,Female,47
28C/Std,Tou,39,Female,17
28C/Std,Tou,40,Female,43
28C/Std,Tou,41,Female,35
28C/Std,Tou,42,Female,48
28C/Std,Tou,43,Female,38
28C/Std,Tou,44,Female,38
28C/Std,Tou,45,Female,49
28C/Std,Tou,46,Female,49
28C/Std,Tou,47,Female,45
28C/Std,Tou,48,Female,49
28C/Std,Tou,1,Female,35
28C/Std,Tou,3,Female,54
28C/Std,Tou,5,Female,59
28C/Std,Tou,6,Female,52
28C/Std,Tou,8,Female,59
28C/Std,Tou,9,Female,59
28C/Std,Tou,10,Female,59
28C/Std,Tou,13,Female,52
28C/Std,Tou,14,Female,49
28C/Std,Tou,16,Female,40
28C/Std,Tou,18,Female,49
28C/Std,Tou,19,Female,55
28C/Std,Tou,20,Female,54
28C/Std,Tou,21,Female,52
28C/Std,Tou,23,Female,49
28C/Std,Tou,26,Female,59
28C/Std,Tou,27,Female,45
28C/Std,Tou,28,Female,52
28C/Std,Tou,29,Female,49
28C/Std,Tou,30,Female,52
28C/Std,Tou,31,Female,56
28C/Std,Tou,32,Female,52
28C/Std,Tou,33,Female,52
28C/Std,Tou,34,Female,54
28C/Std,Tou,35,Female,59
28C/Std,Tou,36,Female,49
28C/Std,Tou,37,Female,54
28C/Std,Tou,38,Female,54
28C/Std,Tou,39,Female,48
28C/Std,Tou,41,Female,54
28C/Std,Tou,42,Female,52
28C/Std,Tou,43,Female,45
28C/Std,Tou,44,Female,45
28C/Std,Tou,45,Female,49
28C/Std,Tou,46,Female,49
28C/Std,Tou,47,Female,52
28C/Std,Tou,48,Female,54
28C/Std,Tou,1,Male,45
28C/Std,Tou,4,Male,38
28C/Std,Tou,8,Male,25
28C/Std,Tou,9,Male,45
28C/Std,Tou,11,Male,45
28C/Std,Tou,13,Male,35
28C/Std,Tou,14,Male,26
28C/Std,Tou,16,Male,24
28C/Std,Tou,17,Male,38
28C/Std,Tou,19,Male,45
28C/Std,Tou,21,Male,28
28C/Std,Tou,22,Male,38
28C/Std,Tou,23,Male,10
28C/Std,Tou,24,Male,42
28C/Std,Tou,27,Male,45
28C/Std,Tou,29,Male,45
28C/Std,Tou,30,Male,45
28C/Std,Tou,31,Male,42
28C/Std,Tou,32,Male,45
28C/Std,Tou,33,Male,4
28C/Std,Tou,34,Male,33
28C/Std,Tou,35,Male,49
28C/Std,Tou,36,Male,33
28C/Std,Tou,37,Male,42
28C/Std,Tou,38,Male,38
28C/Std,Tou,39,Male,41
28C/Std,Tou,40,Male,40
28C/Std,Tou,41,Male,35
28C/Std,Tou,42,Male,48
28C/Std,Tou,43,Male,5
28C/Std,Tou,44,Male,18
28C/Std,Tou,46,Male,49
28C/Std,Tou,47,Male,49
28C/Std,Tou,48,Male,43
28C/Std,Tou,1,Male,49
28C/Std,Tou,3,Male,35
28C/Std,Tou,4,Male,45
28C/Std,Tou,7,Male,54
28C/Std,Tou,8,Male,33
28C/Std,Tou,9,Male,48
28C/Std,Tou,10,Male,38
28C/Std,Tou,11,Male,49
28C/Std,Tou,14,Male,35
28C/Std,Tou,18,Male,45
28C/Std,Tou,19,Male,52
28C/Std,Tou,20,Male,45
28C/Std,Tou,21,Male,52
28C/Std,Tou,22,Male,56
28C/Std,Tou,23,Male,42
28C/Std,Tou,24,Male,45
28C/Std,Tou,26,Male,45
28C/Std,Tou,29,Male,47
28C/Std,Tou,30,Male,54
28C/Std,Tou,31,Male,45
28C/Std,Tou,32,Male,52
28C/Std,Tou,33,Male,49
28C/Std,Tou,34,Male,45
28C/Std,Tou,35,Male,49
28C/Std,Tou,36,Male,52
28C/Std,Tou,37,Male,47
28C/Std,Tou,38,Male,42
28C/Std,Tou,39,Male,45
28C/Std,Tou,40,Male,52
28C/Std,Tou,41,Male,49
28C/Std,Tou,42,Male,52
28C/Std,Tou,43,Male,45
28C/Std,Tou,44,Male,52
28C/Std,Tou,45,Male,45
28C/Std,Tou,46,Male,49
28C/Std,Tou,47,Male,49
28C/Std,Tou,48,Male,45
28C/Std,Tou,1,Male,52
28C/Std,Tou,3,Male,45
28C/Std,Tou,4,Male,49
28C/Std,Tou,7,Male,56
28C/Std,Tou,8,Male,33
28C/Std,Tou,9,Male,59
28C/Std,Tou,10,Male,49
28C/Std,Tou,11,Male,49
28C/Std,Tou,13,Male,45
28C/Std,Tou,14,Male,52
28C/Std,Tou,16,Male,42
28C/Std,Tou,17,Male,46
28C/Std,Tou,18,Male,56
28C/Std,Tou,19,Male,54
28C/Std,Tou,20,Male,52
28C/Std,Tou,21,Male,63
28C/Std,Tou,22,Male,56
28C/Std,Tou,23,Male,49
28C/Std,Tou,24,Male,54
28C/Std,Tou,26,Male,52
28C/Std,Tou,27,Male,49
28C/Std,Tou,29,Male,49
28C/Std,Tou,30,Male,59
28C/Std,Tou,32,Male,54
28C/Std,Tou,33,Male,52
28C/Std,Tou,34,Male,47
28C/Std,Tou,35,Male,52
28C/Std,Tou,36,Male,52
28C/Std,Tou,37,Male,52
28C/Std,Tou,39,Male,49
28C/Std,Tou,41,Male,52
28C/Std,Tou,42,Male,52
28C/Std,Tou,43,Male,47
28C/Std,Tou,44,Male,59
28C/Std,Tou,45,Male,49
28C/Std,Tou,46,Male,49
28C/Std,Tou,48,Male,52